Workbook

Sheet (直掃)RX Mapping
B1: 1 | C1: 2 | D1: 3 | E1: 4 | F1: 5 | G1: 6 | H1: 7 | I1: 8 | J1: 9 | K1: 10 | L1: 11 | M1: 12 | N1: 13 | O1: 14 | P1: 15 | Q1: 16 | R1: 17 | S1: 18 | T1: 19 | U1: 20 | V1: 21 | W1: 22 | X1: 23 | Y1: 24 | Z1: 25 | AA1: 26 | AB1: 27 | AC1: 28 | AD1: 29 | AE1: 30 | AF1: 31 | AG1: 32 | AH1: 33 | AI1: 34 | AJ1: 35 | AK1: 36 | AL1: 37 | AM1: 38 | AN1: 39 | AO1: 40 | AP1: 41 | AQ1: 42 | AR1: 43 | AS1: 44 | AT1: 45 | AU1: 46 | AV1: 47 | AW1: 48 | AX1: 49 | AY1: 50 | AZ1: 51 | BA1: 52 | BB1: 53 | BC1: 54 | BD1: 55 | BE1: 56 | BF1: 57 | BG1: 58 | BH1: 59 | BI1: 60
A2: 1 | B2: 960 | C2: 930 | D2: 900 | E2: 840 | F2: 810 | G2: 780 | H2: 720 | I2: 690 | J2: 660 | K2: 630 | L2: 600 | M2: 570 | N2: 540 | O2: 510 | P2: 480 | Q2: 450 | R2: 420 | S2: 390 | T2: 360 | U2: 330 | V2: 300 | W2: 270 | X2: 210 | Y2: 180 | Z2: 150 | AA2: 90 | AB2: 60 | AC2: 30
A3: 2 | B3: 959 | C3: 929 | D3: 899 | E3: 839 | F3: 809 | G3: 779 | H3: 719 | I3: 689 | J3: 659 | K3: 629 | L3: 599 | M3: 569 | N3: 539 | O3: 509 | P3: 479 | Q3: 449 | R3: 419 | S3: 389 | T3: 359 | U3: 329 | V3: 299 | W3: 269 | X3: 209 | Y3: 179 | Z3: 149 | AA3: 89 | AB3: 59 | AC3: 29
A4: 3 | B4: 958 | C4: 928 | D4: 898 | E4: 838 | F4: 808 | G4: 778 | H4: 718 | I4: 688 | J4: 658 | K4: 628 | L4: 598 | M4: 568 | N4: 538 | O4: 508 | P4: 478 | Q4: 448 | R4: 418 | S4: 388 | T4: 358 | U4: 328 | V4: 298 | W4: 268 | X4: 208 | Y4: 178 | Z4: 148 | AA4: 88 | AB4: 58 | AC4: 28
A5: 4 | B5: 957 | C5: 927 | D5: 897 | E5: 837 | F5: 807 | G5: 777 | H5: 717 | I5: 687 | J5: 657 | K5: 627 | L5: 597 | M5: 567 | N5: 537 | O5: 507 | P5: 477 | Q5: 447 | R5: 417 | S5: 387 | T5: 357 | U5: 327 | V5: 297 | W5: 267 | X5: 207 | Y5: 177 | Z5: 147 | AA5: 87 | AB5: 57 | AC5: 27
A6: 5 | B6: 956 | C6: 926 | D6: 896 | E6: 836 | F6: 806 | G6: 776 | H6: 716 | I6: 686 | J6: 656 | K6: 626 | L6: 596 | M6: 566 | N6: 536 | O6: 506 | P6: 476 | Q6: 446 | R6: 416 | S6: 386 | T6: 356 | U6: 326 | V6: 296 | W6: 266 | X6: 206 | Y6: 176 | Z6: 146 | AA6: 86 | AB6: 56 | AC6: 26
A7: 6 | B7: 955 | C7: 925 | D7: 895 | E7: 835 | F7: 805 | G7: 775 | H7: 715 | I7: 685 | J7: 655 | K7: 625 | L7: 595 | M7: 565 | N7: 535 | O7: 505 | P7: 475 | Q7: 445 | R7: 415 | S7: 385 | T7: 355 | U7: 325 | V7: 295 | W7: 265 | X7: 205 | Y7: 175 | Z7: 145 | AA7: 85 | AB7: 55 | AC7: 25
A8: 7 | B8: 954 | C8: 924 | D8: 894 | E8: 834 | F8: 804 | G8: 774 | H8: 714 | I8: 684 | J8: 654 | K8: 624 | L8: 594 | M8: 564 | N8: 534 | O8: 504 | P8: 474 | Q8: 444 | R8: 414 | S8: 384 | T8: 354 | U8: 324 | V8: 294 | W8: 264 | X8: 204 | Y8: 174 | Z8: 144 | AA8: 84 | AB8: 54 | AC8: 24
A9: 8 | B9: 953 | C9: 923 | D9: 893 | E9: 833 | F9: 803 | G9: 773 | H9: 713 | I9: 683 | J9: 653 | K9: 623 | L9: 593 | M9: 563 | N9: 533 | O9: 503 | P9: 473 | Q9: 443 | R9: 413 | S9: 383 | T9: 353 | U9: 323 | V9: 293 | W9: 263 | X9: 203 | Y9: 173 | Z9: 143 | AA9: 83 | AB9: 53 | AC9: 23
A10: 9 | B10: 952 | C10: 922 | D10: 892 | E10: 832 | F10: 802 | G10: 772 | H10: 712 | I10: 682 | J10: 652 | K10: 622 | L10: 592 | M10: 562 | N10: 532 | O10: 502 | P10: 472 | Q10: 442 | R10: 412 | S10: 382 | T10: 352 | U10: 322 | V10: 292 | W10: 262 | X10: 202 | Y10: 172 | Z10: 142 | AA10: 82 | AB10: 52 | AC10: 22
A11: 10 | B11: 951 | C11: 921 | D11: 891 | E11: 831 | F11: 801 | G11: 771 | H11: 711 | I11: 681 | J11: 651 | K11: 621 | L11: 591 | M11: 561 | N11: 531 | O11: 501 | P11: 471 | Q11: 441 | R11: 411 | S11: 381 | T11: 351 | U11: 321 | V11: 291 | W11: 261 | X11: 201 | Y11: 171 | Z11: 141 | AA11: 81 | AB11: 51 | AC11: 21
A12: 11 | B12: 950 | C12: 920 | D12: 890 | E12: 830 | F12: 800 | G12: 770 | H12: 710 | I12: 680 | J12: 650 | K12: 620 | L12: 590 | M12: 560 | N12: 530 | O12: 500 | P12: 470 | Q12: 440 | R12: 410 | S12: 380 | T12: 350 | U12: 320 | V12: 290 | W12: 260 | X12: 200 | Y12: 170 | Z12: 140 | AA12: 80 | AB12: 50 | AC12: 20
A13: 12 | B13: 949 | C13: 919 | D13: 889 | E13: 829 | F13: 799 | G13: 769 | H13: 709 | I13: 679 | J13: 649 | K13: 619 | L13: 589 | M13: 559 | N13: 529 | O13: 499 | P13: 469 | Q13: 439 | R13: 409 | S13: 379 | T13: 349 | U13: 319 | V13: 289 | W13: 259 | X13: 199 | Y13: 169 | Z13: 139 | AA13: 79 | AB13: 49 | AC13: 19
... A31: 30 | B31: 931 | C31: 901 | D31: 871 | E31: 811 | F31: 781 | G31: 751 | H31: 691 | I31: 661 | J31: 631 | K31: 601 | L31: 571 | M31: 541 | N31: 511 | O31: 481 | P31: 451 | Q31: 421 | R31: 391 | S31: 361 | T31: 331 | U31: 301 | V31: 271 | W31: 241 | X31: 181 | Y31: 151 | Z31: 121 | AA31: 61 | AB31: 31 | AC31: 1
A32: 31
A33: 32
A34: 33
A35: 34
A36: 35
A37: 36
A38: 37
A39: 38
A40: 39
A41: 40
A42: 41
A43: 42
... A61: 60

Sheet (直掃)Change to adc mapping 
B1: 1 | C1: 2 | D1: 3 | E1: 4 | F1: 5 | G1: 6 | H1: 7 | I1: 8 | J1: 9 | K1: 10 | L1: 11 | M1: 12 | N1: 13 | O1: 14 | P1: 15 | Q1: 16 | R1: 17 | S1: 18 | T1: 19 | U1: 20 | V1: 21 | W1: 22 | X1: 23 | Y1: 24 | Z1: 25 | AA1: 26 | AB1: 27 | AC1: 28 | AD1: 29 | AE1: 30 | AF1: 31 | AG1: 32 | AH1: 33 | AI1: 34 | AJ1: 35 | AK1: 36 | AL1: 37 | AM1: 38 | AN1: 39 | AO1: 40 | AP1: 41 | AQ1: 42 | AR1: 43 | AS1: 44 | AT1: 45 | AU1: 46 | AV1: 47 | AW1: 48 | AX1: 49 | AY1: 50 | AZ1: 51 | BA1: 52 | BB1: 53 | BC1: 54 | BD1: 55 | BE1: 56 | BF1: 57 | BG1: 58 | BH1: 59 | BI1: 60
A2: 1 | B2: =IF( (AND('(直掃)RX Mapping'!B2>=0,'(直掃)RX Mapping'!B2<=480)), (MOD('(直掃)RX Mapping'!B2,120)-1), IF( (AND('(直掃)RX Mapping'!B2>=480,'(直掃)RX Mapping'!B2<=960)), IF(MOD('(直掃)RX Mapping'!B2,120)=0, 120, 240-MOD('(直掃)RX Mapping'!B2,120)),9999))+IF(AND(MOD('(直掃)RX Mapping'!B2,120)=0, '(直掃)RX Mapping'!B2 <= 480, '(直掃)RX Mapping'!B2 > 0), 120) -> 120 | C2: =IF( (AND('(直掃)RX Mapping'!C2>=0,'(直掃)RX Mapping'!C2<=480)), (MOD('(直掃)RX Mapping'!C2,120)-1), IF( (AND('(直掃)RX Mapping'!C2>=480,'(直掃)RX Mapping'!C2<=960)), IF(MOD('(直掃)RX Mapping'!C2,120)=0, 120, 240-MOD('(直掃)RX Mapping'!C2,120)),9999))+IF(AND(MOD('(直掃)RX Mapping'!C2,120)=0, '(直掃)RX Mapping'!C2 <= 480, '(直掃)RX Mapping'!C2 > 0), 120) -> 150 | D2: =IF( (AND('(直掃)RX Mapping'!D2>=0,'(直掃)RX Mapping'!D2<=480)), (MOD('(直掃)RX Mapping'!D2,120)-1), IF( (AND('(直掃)RX Mapping'!D2>=480,'(直掃)RX Mapping'!D2<=960)), IF(MOD('(直掃)RX Mapping'!D2,120)=0, 120, 240-MOD('(直掃)RX Mapping'!D2,120)),9999))+IF(AND(MOD('(直掃)RX Mapping'!D2,120)=0, '(直掃)RX Mapping'!D2 <= 480, '(直掃)RX Mapping'!D2 > 0), 120) -> 180 | E2: =IF( (AND('(直掃)RX Mapping'!E2>=0,'(直掃)RX Mapping'!E2<=480)), (MOD('(直掃)RX Mapping'!E2,120)-1), IF( (AND('(直掃)RX Mapping'!E2>=480,'(直掃)RX Mapping'!E2<=960)), IF(MOD('(直掃)RX Mapping'!E2,120)=0, 120, 240-MOD('(直掃)RX Mapping'!E2,120)),9999))+IF(AND(MOD('(直掃)RX Mapping'!E2,120)=0, '(直掃)RX Mapping'!E2 <= 480, '(直掃)RX Mapping'!E2 > 0), 120) -> 120 | F2: =IF( (AND('(直掃)RX Mapping'!F2>=0,'(直掃)RX Mapping'!F2<=480)), (MOD('(直掃)RX Mapping'!F2,120)-1), IF( (AND('(直掃)RX Mapping'!F2>=480,'(直掃)RX Mapping'!F2<=960)), IF(MOD('(直掃)RX Mapping'!F2,120)=0, 120, 240-MOD('(直掃)RX Mapping'!F2,120)),9999))+IF(AND(MOD('(直掃)RX Mapping'!F2,120)=0, '(直掃)RX Mapping'!F2 <= 480, '(直掃)RX Mapping'!F2 > 0), 120) -> 150 | G2: =IF( (AND('(直掃)RX Mapping'!G2>=0,'(直掃)RX Mapping'!G2<=480)), (MOD('(直掃)RX Mapping'!G2,120)-1), IF( (AND('(直掃)RX Mapping'!G2>=480,'(直掃)RX Mapping'!G2<=960)), IF(MOD('(直掃)RX Mapping'!G2,120)=0, 120, 240-MOD('(直掃)RX Mapping'!G2,120)),9999))+IF(AND(MOD('(直掃)RX Mapping'!G2,120)=0, '(直掃)RX Mapping'!G2 <= 480, '(直掃)RX Mapping'!G2 > 0), 120) -> 180 | H2: =IF( (AND('(直掃)RX Mapping'!H2>=0,'(直掃)RX Mapping'!H2<=480)), (MOD('(直掃)RX Mapping'!H2,120)-1), IF( (AND('(直掃)RX Mapping'!H2>=480,'(直掃)RX Mapping'!H2<=960)), IF(MOD('(直掃)RX Mapping'!H2,120)=0, 120, 240-MOD('(直掃)RX Mapping'!H2,120)),9999))+IF(AND(MOD('(直掃)RX Mapping'!H2,120)=0, '(直掃)RX Mapping'!H2 <= 480, '(直掃)RX Mapping'!H2 > 0), 120) -> 120 | I2: =IF( (AND('(直掃)RX Mapping'!I2>=0,'(直掃)RX Mapping'!I2<=480)), (MOD('(直掃)RX Mapping'!I2,120)-1), IF( (AND('(直掃)RX Mapping'!I2>=480,'(直掃)RX Mapping'!I2<=960)), IF(MOD('(直掃)RX Mapping'!I2,120)=0, 120, 240-MOD('(直掃)RX Mapping'!I2,120)),9999))+IF(AND(MOD('(直掃)RX Mapping'!I2,120)=0, '(直掃)RX Mapping'!I2 <= 480, '(直掃)RX Mapping'!I2 > 0), 120) -> 150 | ... AS2: =IF( (AND('(直掃)RX Mapping'!AS2>=0,'(直掃)RX Mapping'!AS2<=480)), (MOD('(直掃)RX Mapping'!AS2,120)-1), IF( (AND('(直掃)RX Mapping'!AS2>=480,'(直掃)RX Mapping'!AS2<=960)), IF(MOD('(直掃)RX Mapping'!AS2,120)=0, 120, 240-MOD('(直掃)RX Mapping'!AS2,120)),9999))+IF(AND(MOD('(直掃)RX Mapping'!AS2,120)=0, '(直掃)RX Mapping'!AS2 <= 480, '(直掃)RX Mapping'!AS2 > 0), 120) -> -1 | AT2: =IF(AND('(橫掃)RX Mapping'!AT2>=1,'(橫掃)RX Mapping'!AT2<=120), ('(橫掃)RX Mapping'!AT2-1),IF(AND('(橫掃)RX Mapping'!AT2>=121,'(橫掃)RX Mapping'!AT2<=240), (-1)*('(橫掃)RX Mapping'!AT2-240),IF(AND('(橫掃)RX Mapping'!AT2>=241,'(橫掃)RX Mapping'!AT2<=360), ('(橫掃)RX Mapping'!AT2-241),IF(AND('(橫掃)RX Mapping'!AT2>=361,'(橫掃)RX Mapping'!AT2<=480), (-1)*('(橫掃)RX Mapping'!AT2-480),IF(AND('(橫掃)RX Mapping'!AT2>=481,'(橫掃)RX Mapping'!AT2<=600), ('(橫掃)RX Mapping'!AT2-361),IF(AND('(橫掃)RX Mapping'!AT2>=601,'(橫掃)RX Mapping'!AT2<=720), (-1)*('(橫掃)RX Mapping'!AT2-720)+120,IF(AND('(橫掃)RX Mapping'!AT2>=721,'(橫掃)RX Mapping'!AT2<=840), ('(橫掃)RX Mapping'!AT2-601),IF(AND('(橫掃)RX Mapping'!AT2>=841,'(橫掃)RX Mapping'!AT2<=960), (-1)*('(橫掃)RX Mapping'!AT2-960)+120,9999)))))))) -> 9999 | AU2: =IF(AND('(橫掃)RX Mapping'!AU2>=1,'(橫掃)RX Mapping'!AU2<=120), ('(橫掃)RX Mapping'!AU2-1),IF(AND('(橫掃)RX Mapping'!AU2>=121,'(橫掃)RX Mapping'!AU2<=240), (-1)*('(橫掃)RX Mapping'!AU2-240),IF(AND('(橫掃)RX Mapping'!AU2>=241,'(橫掃)RX Mapping'!AU2<=360), ('(橫掃)RX Mapping'!AU2-241),IF(AND('(橫掃)RX Mapping'!AU2>=361,'(橫掃)RX Mapping'!AU2<=480), (-1)*('(橫掃)RX Mapping'!AU2-480),IF(AND('(橫掃)RX Mapping'!AU2>=481,'(橫掃)RX Mapping'!AU2<=600), ('(橫掃)RX Mapping'!AU2-361),IF(AND('(橫掃)RX Mapping'!AU2>=601,'(橫掃)RX Mapping'!AU2<=720), (-1)*('(橫掃)RX Mapping'!AU2-720)+120,IF(AND('(橫掃)RX Mapping'!AU2>=721,'(橫掃)RX Mapping'!AU2<=840), ('(橫掃)RX Mapping'!AU2-601),IF(AND('(橫掃)RX Mapping'!AU2>=841,'(橫掃)RX Mapping'!AU2<=960), (-1)*('(橫掃)RX Mapping'!AU2-960)+120,9999)))))))) -> 9999 | AV2: =IF(AND('(橫掃)RX Mapping'!AV2>=1,'(橫掃)RX Mapping'!AV2<=120), ('(橫掃)RX Mapping'!AV2-1),IF(AND('(橫掃)RX Mapping'!AV2>=121,'(橫掃)RX Mapping'!AV2<=240), (-1)*('(橫掃)RX Mapping'!AV2-240),IF(AND('(橫掃)RX Mapping'!AV2>=241,'(橫掃)RX Mapping'!AV2<=360), ('(橫掃)RX Mapping'!AV2-241),IF(AND('(橫掃)RX Mapping'!AV2>=361,'(橫掃)RX Mapping'!AV2<=480), (-1)*('(橫掃)RX Mapping'!AV2-480),IF(AND('(橫掃)RX Mapping'!AV2>=481,'(橫掃)RX Mapping'!AV2<=600), ('(橫掃)RX Mapping'!AV2-361),IF(AND('(橫掃)RX Mapping'!AV2>=601,'(橫掃)RX Mapping'!AV2<=720), (-1)*('(橫掃)RX Mapping'!AV2-720)+120,IF(AND('(橫掃)RX Mapping'!AV2>=721,'(橫掃)RX Mapping'!AV2<=840), ('(橫掃)RX Mapping'!AV2-601),IF(AND('(橫掃)RX Mapping'!AV2>=841,'(橫掃)RX Mapping'!AV2<=960), (-1)*('(橫掃)RX Mapping'!AV2-960)+120,9999)))))))) -> 9999 | AW2: =IF(AND('(橫掃)RX Mapping'!AW2>=1,'(橫掃)RX Mapping'!AW2<=120), ('(橫掃)RX Mapping'!AW2-1),IF(AND('(橫掃)RX Mapping'!AW2>=121,'(橫掃)RX Mapping'!AW2<=240), (-1)*('(橫掃)RX Mapping'!AW2-240),IF(AND('(橫掃)RX Mapping'!AW2>=241,'(橫掃)RX Mapping'!AW2<=360), ('(橫掃)RX Mapping'!AW2-241),IF(AND('(橫掃)RX Mapping'!AW2>=361,'(橫掃)RX Mapping'!AW2<=480), (-1)*('(橫掃)RX Mapping'!AW2-480),IF(AND('(橫掃)RX Mapping'!AW2>=481,'(橫掃)RX Mapping'!AW2<=600), ('(橫掃)RX Mapping'!AW2-361),IF(AND('(橫掃)RX Mapping'!AW2>=601,'(橫掃)RX Mapping'!AW2<=720), (-1)*('(橫掃)RX Mapping'!AW2-720)+120,IF(AND('(橫掃)RX Mapping'!AW2>=721,'(橫掃)RX Mapping'!AW2<=840), ('(橫掃)RX Mapping'!AW2-601),IF(AND('(橫掃)RX Mapping'!AW2>=841,'(橫掃)RX Mapping'!AW2<=960), (-1)*('(橫掃)RX Mapping'!AW2-960)+120,9999)))))))) -> 9999 | AX2: =IF(AND('(橫掃)RX Mapping'!AX2>=1,'(橫掃)RX Mapping'!AX2<=120), ('(橫掃)RX Mapping'!AX2-1),IF(AND('(橫掃)RX Mapping'!AX2>=121,'(橫掃)RX Mapping'!AX2<=240), (-1)*('(橫掃)RX Mapping'!AX2-240),IF(AND('(橫掃)RX Mapping'!AX2>=241,'(橫掃)RX Mapping'!AX2<=360), ('(橫掃)RX Mapping'!AX2-241),IF(AND('(橫掃)RX Mapping'!AX2>=361,'(橫掃)RX Mapping'!AX2<=480), (-1)*('(橫掃)RX Mapping'!AX2-480),IF(AND('(橫掃)RX Mapping'!AX2>=481,'(橫掃)RX Mapping'!AX2<=600), ('(橫掃)RX Mapping'!AX2-361),IF(AND('(橫掃)RX Mapping'!AX2>=601,'(橫掃)RX Mapping'!AX2<=720), (-1)*('(橫掃)RX Mapping'!AX2-720)+120,IF(AND('(橫掃)RX Mapping'!AX2>=721,'(橫掃)RX Mapping'!AX2<=840), ('(橫掃)RX Mapping'!AX2-601),IF(AND('(橫掃)RX Mapping'!AX2>=841,'(橫掃)RX Mapping'!AX2<=960), (-1)*('(橫掃)RX Mapping'!AX2-960)+120,9999)))))))) -> 9999 | AY2: =IF(AND('(橫掃)RX Mapping'!AY2>=1,'(橫掃)RX Mapping'!AY2<=120), ('(橫掃)RX Mapping'!AY2-1),IF(AND('(橫掃)RX Mapping'!AY2>=121,'(橫掃)RX Mapping'!AY2<=240), (-1)*('(橫掃)RX Mapping'!AY2-240),IF(AND('(橫掃)RX Mapping'!AY2>=241,'(橫掃)RX Mapping'!AY2<=360), ('(橫掃)RX Mapping'!AY2-241),IF(AND('(橫掃)RX Mapping'!AY2>=361,'(橫掃)RX Mapping'!AY2<=480), (-1)*('(橫掃)RX Mapping'!AY2-480),IF(AND('(橫掃)RX Mapping'!AY2>=481,'(橫掃)RX Mapping'!AY2<=600), ('(橫掃)RX Mapping'!AY2-361),IF(AND('(橫掃)RX Mapping'!AY2>=601,'(橫掃)RX Mapping'!AY2<=720), (-1)*('(橫掃)RX Mapping'!AY2-720)+120,IF(AND('(橫掃)RX Mapping'!AY2>=721,'(橫掃)RX Mapping'!AY2<=840), ('(橫掃)RX Mapping'!AY2-601),IF(AND('(橫掃)RX Mapping'!AY2>=841,'(橫掃)RX Mapping'!AY2<=960), (-1)*('(橫掃)RX Mapping'!AY2-960)+120,9999)))))))) -> 9999 | AZ2: =IF(AND('(橫掃)RX Mapping'!AZ2>=1,'(橫掃)RX Mapping'!AZ2<=120), ('(橫掃)RX Mapping'!AZ2-1),IF(AND('(橫掃)RX Mapping'!AZ2>=121,'(橫掃)RX Mapping'!AZ2<=240), (-1)*('(橫掃)RX Mapping'!AZ2-240),IF(AND('(橫掃)RX Mapping'!AZ2>=241,'(橫掃)RX Mapping'!AZ2<=360), ('(橫掃)RX Mapping'!AZ2-241),IF(AND('(橫掃)RX Mapping'!AZ2>=361,'(橫掃)RX Mapping'!AZ2<=480), (-1)*('(橫掃)RX Mapping'!AZ2-480),IF(AND('(橫掃)RX Mapping'!AZ2>=481,'(橫掃)RX Mapping'!AZ2<=600), ('(橫掃)RX Mapping'!AZ2-361),IF(AND('(橫掃)RX Mapping'!AZ2>=601,'(橫掃)RX Mapping'!AZ2<=720), (-1)*('(橫掃)RX Mapping'!AZ2-720)+120,IF(AND('(橫掃)RX Mapping'!AZ2>=721,'(橫掃)RX Mapping'!AZ2<=840), ('(橫掃)RX Mapping'!AZ2-601),IF(AND('(橫掃)RX Mapping'!AZ2>=841,'(橫掃)RX Mapping'!AZ2<=960), (-1)*('(橫掃)RX Mapping'!AZ2-960)+120,9999)))))))) -> 9999 | BA2: =IF(AND('(橫掃)RX Mapping'!BA2>=1,'(橫掃)RX Mapping'!BA2<=120), ('(橫掃)RX Mapping'!BA2-1),IF(AND('(橫掃)RX Mapping'!BA2>=121,'(橫掃)RX Mapping'!BA2<=240), (-1)*('(橫掃)RX Mapping'!BA2-240),IF(AND('(橫掃)RX Mapping'!BA2>=241,'(橫掃)RX Mapping'!BA2<=360), ('(橫掃)RX Mapping'!BA2-241),IF(AND('(橫掃)RX Mapping'!BA2>=361,'(橫掃)RX Mapping'!BA2<=480), (-1)*('(橫掃)RX Mapping'!BA2-480),IF(AND('(橫掃)RX Mapping'!BA2>=481,'(橫掃)RX Mapping'!BA2<=600), ('(橫掃)RX Mapping'!BA2-361),IF(AND('(橫掃)RX Mapping'!BA2>=601,'(橫掃)RX Mapping'!BA2<=720), (-1)*('(橫掃)RX Mapping'!BA2-720)+120,IF(AND('(橫掃)RX Mapping'!BA2>=721,'(橫掃)RX Mapping'!BA2<=840), ('(橫掃)RX Mapping'!BA2-601),IF(AND('(橫掃)RX Mapping'!BA2>=841,'(橫掃)RX Mapping'!BA2<=960), (-1)*('(橫掃)RX Mapping'!BA2-960)+120,9999)))))))) -> 9999 | ... BI2: =IF(AND('(橫掃)RX Mapping'!BI2>=1,'(橫掃)RX Mapping'!BI2<=120), ('(橫掃)RX Mapping'!BI2-1),IF(AND('(橫掃)RX Mapping'!BI2>=121,'(橫掃)RX Mapping'!BI2<=240), (-1)*('(橫掃)RX Mapping'!BI2-240),IF(AND('(橫掃)RX Mapping'!BI2>=241,'(橫掃)RX Mapping'!BI2<=360), ('(橫掃)RX Mapping'!BI2-241),IF(AND('(橫掃)RX Mapping'!BI2>=361,'(橫掃)RX Mapping'!BI2<=480), (-1)*('(橫掃)RX Mapping'!BI2-480),IF(AND('(橫掃)RX Mapping'!BI2>=481,'(橫掃)RX Mapping'!BI2<=600), ('(橫掃)RX Mapping'!BI2-361),IF(AND('(橫掃)RX Mapping'!BI2>=601,'(橫掃)RX Mapping'!BI2<=720), (-1)*('(橫掃)RX Mapping'!BI2-720)+120,IF(AND('(橫掃)RX Mapping'!BI2>=721,'(橫掃)RX Mapping'!BI2<=840), ('(橫掃)RX Mapping'!BI2-601),IF(AND('(橫掃)RX Mapping'!BI2>=841,'(橫掃)RX Mapping'!BI2<=960), (-1)*('(橫掃)RX Mapping'!BI2-960)+120,9999)))))))) -> 9999
A3: 2 | B3: =IF( (AND('(直掃)RX Mapping'!B3>=0,'(直掃)RX Mapping'!B3<=480)), (MOD('(直掃)RX Mapping'!B3,120)-1), IF( (AND('(直掃)RX Mapping'!B3>=480,'(直掃)RX Mapping'!B3<=960)), IF(MOD('(直掃)RX Mapping'!B3,120)=0, 120, 240-MOD('(直掃)RX Mapping'!B3,120)),9999))+IF(AND(MOD('(直掃)RX Mapping'!B3,120)=0, '(直掃)RX Mapping'!B3 <= 480, '(直掃)RX Mapping'!B3 > 0), 120) -> 121 | C3: =IF( (AND('(直掃)RX Mapping'!C3>=0,'(直掃)RX Mapping'!C3<=480)), (MOD('(直掃)RX Mapping'!C3,120)-1), IF( (AND('(直掃)RX Mapping'!C3>=480,'(直掃)RX Mapping'!C3<=960)), IF(MOD('(直掃)RX Mapping'!C3,120)=0, 120, 240-MOD('(直掃)RX Mapping'!C3,120)),9999))+IF(AND(MOD('(直掃)RX Mapping'!C3,120)=0, '(直掃)RX Mapping'!C3 <= 480, '(直掃)RX Mapping'!C3 > 0), 120) -> 151 | D3: =IF( (AND('(直掃)RX Mapping'!D3>=0,'(直掃)RX Mapping'!D3<=480)), (MOD('(直掃)RX Mapping'!D3,120)-1), IF( (AND('(直掃)RX Mapping'!D3>=480,'(直掃)RX Mapping'!D3<=960)), IF(MOD('(直掃)RX Mapping'!D3,120)=0, 120, 240-MOD('(直掃)RX Mapping'!D3,120)),9999))+IF(AND(MOD('(直掃)RX Mapping'!D3,120)=0, '(直掃)RX Mapping'!D3 <= 480, '(直掃)RX Mapping'!D3 > 0), 120) -> 181 | E3: =IF( (AND('(直掃)RX Mapping'!E3>=0,'(直掃)RX Mapping'!E3<=480)), (MOD('(直掃)RX Mapping'!E3,120)-1), IF( (AND('(直掃)RX Mapping'!E3>=480,'(直掃)RX Mapping'!E3<=960)), IF(MOD('(直掃)RX Mapping'!E3,120)=0, 120, 240-MOD('(直掃)RX Mapping'!E3,120)),9999))+IF(AND(MOD('(直掃)RX Mapping'!E3,120)=0, '(直掃)RX Mapping'!E3 <= 480, '(直掃)RX Mapping'!E3 > 0), 120) -> 121 | F3: =IF( (AND('(直掃)RX Mapping'!F3>=0,'(直掃)RX Mapping'!F3<=480)), (MOD('(直掃)RX Mapping'!F3,120)-1), IF( (AND('(直掃)RX Mapping'!F3>=480,'(直掃)RX Mapping'!F3<=960)), IF(MOD('(直掃)RX Mapping'!F3,120)=0, 120, 240-MOD('(直掃)RX Mapping'!F3,120)),9999))+IF(AND(MOD('(直掃)RX Mapping'!F3,120)=0, '(直掃)RX Mapping'!F3 <= 480, '(直掃)RX Mapping'!F3 > 0), 120) -> 151 | G3: =IF( (AND('(直掃)RX Mapping'!G3>=0,'(直掃)RX Mapping'!G3<=480)), (MOD('(直掃)RX Mapping'!G3,120)-1), IF( (AND('(直掃)RX Mapping'!G3>=480,'(直掃)RX Mapping'!G3<=960)), IF(MOD('(直掃)RX Mapping'!G3,120)=0, 120, 240-MOD('(直掃)RX Mapping'!G3,120)),9999))+IF(AND(MOD('(直掃)RX Mapping'!G3,120)=0, '(直掃)RX Mapping'!G3 <= 480, '(直掃)RX Mapping'!G3 > 0), 120) -> 181 | H3: =IF( (AND('(直掃)RX Mapping'!H3>=0,'(直掃)RX Mapping'!H3<=480)), (MOD('(直掃)RX Mapping'!H3,120)-1), IF( (AND('(直掃)RX Mapping'!H3>=480,'(直掃)RX Mapping'!H3<=960)), IF(MOD('(直掃)RX Mapping'!H3,120)=0, 120, 240-MOD('(直掃)RX Mapping'!H3,120)),9999))+IF(AND(MOD('(直掃)RX Mapping'!H3,120)=0, '(直掃)RX Mapping'!H3 <= 480, '(直掃)RX Mapping'!H3 > 0), 120) -> 121 | I3: =IF( (AND('(直掃)RX Mapping'!I3>=0,'(直掃)RX Mapping'!I3<=480)), (MOD('(直掃)RX Mapping'!I3,120)-1), IF( (AND('(直掃)RX Mapping'!I3>=480,'(直掃)RX Mapping'!I3<=960)), IF(MOD('(直掃)RX Mapping'!I3,120)=0, 120, 240-MOD('(直掃)RX Mapping'!I3,120)),9999))+IF(AND(MOD('(直掃)RX Mapping'!I3,120)=0, '(直掃)RX Mapping'!I3 <= 480, '(直掃)RX Mapping'!I3 > 0), 120) -> 151 | ... AS3: =IF( (AND('(直掃)RX Mapping'!AS3>=0,'(直掃)RX Mapping'!AS3<=480)), (MOD('(直掃)RX Mapping'!AS3,120)-1), IF( (AND('(直掃)RX Mapping'!AS3>=480,'(直掃)RX Mapping'!AS3<=960)), IF(MOD('(直掃)RX Mapping'!AS3,120)=0, 120, 240-MOD('(直掃)RX Mapping'!AS3,120)),9999))+IF(AND(MOD('(直掃)RX Mapping'!AS3,120)=0, '(直掃)RX Mapping'!AS3 <= 480, '(直掃)RX Mapping'!AS3 > 0), 120) -> -1 | AT3: =IF(AND('(橫掃)RX Mapping'!AT3>=1,'(橫掃)RX Mapping'!AT3<=120), ('(橫掃)RX Mapping'!AT3-1),IF(AND('(橫掃)RX Mapping'!AT3>=121,'(橫掃)RX Mapping'!AT3<=240), (-1)*('(橫掃)RX Mapping'!AT3-240),IF(AND('(橫掃)RX Mapping'!AT3>=241,'(橫掃)RX Mapping'!AT3<=360), ('(橫掃)RX Mapping'!AT3-241),IF(AND('(橫掃)RX Mapping'!AT3>=361,'(橫掃)RX Mapping'!AT3<=480), (-1)*('(橫掃)RX Mapping'!AT3-480),IF(AND('(橫掃)RX Mapping'!AT3>=481,'(橫掃)RX Mapping'!AT3<=600), ('(橫掃)RX Mapping'!AT3-361),IF(AND('(橫掃)RX Mapping'!AT3>=601,'(橫掃)RX Mapping'!AT3<=720), (-1)*('(橫掃)RX Mapping'!AT3-720)+120,IF(AND('(橫掃)RX Mapping'!AT3>=721,'(橫掃)RX Mapping'!AT3<=840), ('(橫掃)RX Mapping'!AT3-601),IF(AND('(橫掃)RX Mapping'!AT3>=841,'(橫掃)RX Mapping'!AT3<=960), (-1)*('(橫掃)RX Mapping'!AT3-960)+120,9999)))))))) -> 9999 | AU3: =IF(AND('(橫掃)RX Mapping'!AU3>=1,'(橫掃)RX Mapping'!AU3<=120), ('(橫掃)RX Mapping'!AU3-1),IF(AND('(橫掃)RX Mapping'!AU3>=121,'(橫掃)RX Mapping'!AU3<=240), (-1)*('(橫掃)RX Mapping'!AU3-240),IF(AND('(橫掃)RX Mapping'!AU3>=241,'(橫掃)RX Mapping'!AU3<=360), ('(橫掃)RX Mapping'!AU3-241),IF(AND('(橫掃)RX Mapping'!AU3>=361,'(橫掃)RX Mapping'!AU3<=480), (-1)*('(橫掃)RX Mapping'!AU3-480),IF(AND('(橫掃)RX Mapping'!AU3>=481,'(橫掃)RX Mapping'!AU3<=600), ('(橫掃)RX Mapping'!AU3-361),IF(AND('(橫掃)RX Mapping'!AU3>=601,'(橫掃)RX Mapping'!AU3<=720), (-1)*('(橫掃)RX Mapping'!AU3-720)+120,IF(AND('(橫掃)RX Mapping'!AU3>=721,'(橫掃)RX Mapping'!AU3<=840), ('(橫掃)RX Mapping'!AU3-601),IF(AND('(橫掃)RX Mapping'!AU3>=841,'(橫掃)RX Mapping'!AU3<=960), (-1)*('(橫掃)RX Mapping'!AU3-960)+120,9999)))))))) -> 9999 | AV3: =IF(AND('(橫掃)RX Mapping'!AV3>=1,'(橫掃)RX Mapping'!AV3<=120), ('(橫掃)RX Mapping'!AV3-1),IF(AND('(橫掃)RX Mapping'!AV3>=121,'(橫掃)RX Mapping'!AV3<=240), (-1)*('(橫掃)RX Mapping'!AV3-240),IF(AND('(橫掃)RX Mapping'!AV3>=241,'(橫掃)RX Mapping'!AV3<=360), ('(橫掃)RX Mapping'!AV3-241),IF(AND('(橫掃)RX Mapping'!AV3>=361,'(橫掃)RX Mapping'!AV3<=480), (-1)*('(橫掃)RX Mapping'!AV3-480),IF(AND('(橫掃)RX Mapping'!AV3>=481,'(橫掃)RX Mapping'!AV3<=600), ('(橫掃)RX Mapping'!AV3-361),IF(AND('(橫掃)RX Mapping'!AV3>=601,'(橫掃)RX Mapping'!AV3<=720), (-1)*('(橫掃)RX Mapping'!AV3-720)+120,IF(AND('(橫掃)RX Mapping'!AV3>=721,'(橫掃)RX Mapping'!AV3<=840), ('(橫掃)RX Mapping'!AV3-601),IF(AND('(橫掃)RX Mapping'!AV3>=841,'(橫掃)RX Mapping'!AV3<=960), (-1)*('(橫掃)RX Mapping'!AV3-960)+120,9999)))))))) -> 9999 | AW3: =IF(AND('(橫掃)RX Mapping'!AW3>=1,'(橫掃)RX Mapping'!AW3<=120), ('(橫掃)RX Mapping'!AW3-1),IF(AND('(橫掃)RX Mapping'!AW3>=121,'(橫掃)RX Mapping'!AW3<=240), (-1)*('(橫掃)RX Mapping'!AW3-240),IF(AND('(橫掃)RX Mapping'!AW3>=241,'(橫掃)RX Mapping'!AW3<=360), ('(橫掃)RX Mapping'!AW3-241),IF(AND('(橫掃)RX Mapping'!AW3>=361,'(橫掃)RX Mapping'!AW3<=480), (-1)*('(橫掃)RX Mapping'!AW3-480),IF(AND('(橫掃)RX Mapping'!AW3>=481,'(橫掃)RX Mapping'!AW3<=600), ('(橫掃)RX Mapping'!AW3-361),IF(AND('(橫掃)RX Mapping'!AW3>=601,'(橫掃)RX Mapping'!AW3<=720), (-1)*('(橫掃)RX Mapping'!AW3-720)+120,IF(AND('(橫掃)RX Mapping'!AW3>=721,'(橫掃)RX Mapping'!AW3<=840), ('(橫掃)RX Mapping'!AW3-601),IF(AND('(橫掃)RX Mapping'!AW3>=841,'(橫掃)RX Mapping'!AW3<=960), (-1)*('(橫掃)RX Mapping'!AW3-960)+120,9999)))))))) -> 9999 | AX3: =IF(AND('(橫掃)RX Mapping'!AX3>=1,'(橫掃)RX Mapping'!AX3<=120), ('(橫掃)RX Mapping'!AX3-1),IF(AND('(橫掃)RX Mapping'!AX3>=121,'(橫掃)RX Mapping'!AX3<=240), (-1)*('(橫掃)RX Mapping'!AX3-240),IF(AND('(橫掃)RX Mapping'!AX3>=241,'(橫掃)RX Mapping'!AX3<=360), ('(橫掃)RX Mapping'!AX3-241),IF(AND('(橫掃)RX Mapping'!AX3>=361,'(橫掃)RX Mapping'!AX3<=480), (-1)*('(橫掃)RX Mapping'!AX3-480),IF(AND('(橫掃)RX Mapping'!AX3>=481,'(橫掃)RX Mapping'!AX3<=600), ('(橫掃)RX Mapping'!AX3-361),IF(AND('(橫掃)RX Mapping'!AX3>=601,'(橫掃)RX Mapping'!AX3<=720), (-1)*('(橫掃)RX Mapping'!AX3-720)+120,IF(AND('(橫掃)RX Mapping'!AX3>=721,'(橫掃)RX Mapping'!AX3<=840), ('(橫掃)RX Mapping'!AX3-601),IF(AND('(橫掃)RX Mapping'!AX3>=841,'(橫掃)RX Mapping'!AX3<=960), (-1)*('(橫掃)RX Mapping'!AX3-960)+120,9999)))))))) -> 9999 | AY3: =IF(AND('(橫掃)RX Mapping'!AY3>=1,'(橫掃)RX Mapping'!AY3<=120), ('(橫掃)RX Mapping'!AY3-1),IF(AND('(橫掃)RX Mapping'!AY3>=121,'(橫掃)RX Mapping'!AY3<=240), (-1)*('(橫掃)RX Mapping'!AY3-240),IF(AND('(橫掃)RX Mapping'!AY3>=241,'(橫掃)RX Mapping'!AY3<=360), ('(橫掃)RX Mapping'!AY3-241),IF(AND('(橫掃)RX Mapping'!AY3>=361,'(橫掃)RX Mapping'!AY3<=480), (-1)*('(橫掃)RX Mapping'!AY3-480),IF(AND('(橫掃)RX Mapping'!AY3>=481,'(橫掃)RX Mapping'!AY3<=600), ('(橫掃)RX Mapping'!AY3-361),IF(AND('(橫掃)RX Mapping'!AY3>=601,'(橫掃)RX Mapping'!AY3<=720), (-1)*('(橫掃)RX Mapping'!AY3-720)+120,IF(AND('(橫掃)RX Mapping'!AY3>=721,'(橫掃)RX Mapping'!AY3<=840), ('(橫掃)RX Mapping'!AY3-601),IF(AND('(橫掃)RX Mapping'!AY3>=841,'(橫掃)RX Mapping'!AY3<=960), (-1)*('(橫掃)RX Mapping'!AY3-960)+120,9999)))))))) -> 9999 | AZ3: =IF(AND('(橫掃)RX Mapping'!AZ3>=1,'(橫掃)RX Mapping'!AZ3<=120), ('(橫掃)RX Mapping'!AZ3-1),IF(AND('(橫掃)RX Mapping'!AZ3>=121,'(橫掃)RX Mapping'!AZ3<=240), (-1)*('(橫掃)RX Mapping'!AZ3-240),IF(AND('(橫掃)RX Mapping'!AZ3>=241,'(橫掃)RX Mapping'!AZ3<=360), ('(橫掃)RX Mapping'!AZ3-241),IF(AND('(橫掃)RX Mapping'!AZ3>=361,'(橫掃)RX Mapping'!AZ3<=480), (-1)*('(橫掃)RX Mapping'!AZ3-480),IF(AND('(橫掃)RX Mapping'!AZ3>=481,'(橫掃)RX Mapping'!AZ3<=600), ('(橫掃)RX Mapping'!AZ3-361),IF(AND('(橫掃)RX Mapping'!AZ3>=601,'(橫掃)RX Mapping'!AZ3<=720), (-1)*('(橫掃)RX Mapping'!AZ3-720)+120,IF(AND('(橫掃)RX Mapping'!AZ3>=721,'(橫掃)RX Mapping'!AZ3<=840), ('(橫掃)RX Mapping'!AZ3-601),IF(AND('(橫掃)RX Mapping'!AZ3>=841,'(橫掃)RX Mapping'!AZ3<=960), (-1)*('(橫掃)RX Mapping'!AZ3-960)+120,9999)))))))) -> 9999 | BA3: =IF(AND('(橫掃)RX Mapping'!BA3>=1,'(橫掃)RX Mapping'!BA3<=120), ('(橫掃)RX Mapping'!BA3-1),IF(AND('(橫掃)RX Mapping'!BA3>=121,'(橫掃)RX Mapping'!BA3<=240), (-1)*('(橫掃)RX Mapping'!BA3-240),IF(AND('(橫掃)RX Mapping'!BA3>=241,'(橫掃)RX Mapping'!BA3<=360), ('(橫掃)RX Mapping'!BA3-241),IF(AND('(橫掃)RX Mapping'!BA3>=361,'(橫掃)RX Mapping'!BA3<=480), (-1)*('(橫掃)RX Mapping'!BA3-480),IF(AND('(橫掃)RX Mapping'!BA3>=481,'(橫掃)RX Mapping'!BA3<=600), ('(橫掃)RX Mapping'!BA3-361),IF(AND('(橫掃)RX Mapping'!BA3>=601,'(橫掃)RX Mapping'!BA3<=720), (-1)*('(橫掃)RX Mapping'!BA3-720)+120,IF(AND('(橫掃)RX Mapping'!BA3>=721,'(橫掃)RX Mapping'!BA3<=840), ('(橫掃)RX Mapping'!BA3-601),IF(AND('(橫掃)RX Mapping'!BA3>=841,'(橫掃)RX Mapping'!BA3<=960), (-1)*('(橫掃)RX Mapping'!BA3-960)+120,9999)))))))) -> 9999 | ... BI3: =IF(AND('(橫掃)RX Mapping'!BI3>=1,'(橫掃)RX Mapping'!BI3<=120), ('(橫掃)RX Mapping'!BI3-1),IF(AND('(橫掃)RX Mapping'!BI3>=121,'(橫掃)RX Mapping'!BI3<=240), (-1)*('(橫掃)RX Mapping'!BI3-240),IF(AND('(橫掃)RX Mapping'!BI3>=241,'(橫掃)RX Mapping'!BI3<=360), ('(橫掃)RX Mapping'!BI3-241),IF(AND('(橫掃)RX Mapping'!BI3>=361,'(橫掃)RX Mapping'!BI3<=480), (-1)*('(橫掃)RX Mapping'!BI3-480),IF(AND('(橫掃)RX Mapping'!BI3>=481,'(橫掃)RX Mapping'!BI3<=600), ('(橫掃)RX Mapping'!BI3-361),IF(AND('(橫掃)RX Mapping'!BI3>=601,'(橫掃)RX Mapping'!BI3<=720), (-1)*('(橫掃)RX Mapping'!BI3-720)+120,IF(AND('(橫掃)RX Mapping'!BI3>=721,'(橫掃)RX Mapping'!BI3<=840), ('(橫掃)RX Mapping'!BI3-601),IF(AND('(橫掃)RX Mapping'!BI3>=841,'(橫掃)RX Mapping'!BI3<=960), (-1)*('(橫掃)RX Mapping'!BI3-960)+120,9999)))))))) -> 9999
A4: 3 | B4: =IF( (AND('(直掃)RX Mapping'!B4>=0,'(直掃)RX Mapping'!B4<=480)), (MOD('(直掃)RX Mapping'!B4,120)-1), IF( (AND('(直掃)RX Mapping'!B4>=480,'(直掃)RX Mapping'!B4<=960)), IF(MOD('(直掃)RX Mapping'!B4,120)=0, 120, 240-MOD('(直掃)RX Mapping'!B4,120)),9999))+IF(AND(MOD('(直掃)RX Mapping'!B4,120)=0, '(直掃)RX Mapping'!B4 <= 480, '(直掃)RX Mapping'!B4 > 0), 120) -> 122 | C4: =IF( (AND('(直掃)RX Mapping'!C4>=0,'(直掃)RX Mapping'!C4<=480)), (MOD('(直掃)RX Mapping'!C4,120)-1), IF( (AND('(直掃)RX Mapping'!C4>=480,'(直掃)RX Mapping'!C4<=960)), IF(MOD('(直掃)RX Mapping'!C4,120)=0, 120, 240-MOD('(直掃)RX Mapping'!C4,120)),9999))+IF(AND(MOD('(直掃)RX Mapping'!C4,120)=0, '(直掃)RX Mapping'!C4 <= 480, '(直掃)RX Mapping'!C4 > 0), 120) -> 152 | D4: =IF( (AND('(直掃)RX Mapping'!D4>=0,'(直掃)RX Mapping'!D4<=480)), (MOD('(直掃)RX Mapping'!D4,120)-1), IF( (AND('(直掃)RX Mapping'!D4>=480,'(直掃)RX Mapping'!D4<=960)), IF(MOD('(直掃)RX Mapping'!D4,120)=0, 120, 240-MOD('(直掃)RX Mapping'!D4,120)),9999))+IF(AND(MOD('(直掃)RX Mapping'!D4,120)=0, '(直掃)RX Mapping'!D4 <= 480, '(直掃)RX Mapping'!D4 > 0), 120) -> 182 | E4: =IF( (AND('(直掃)RX Mapping'!E4>=0,'(直掃)RX Mapping'!E4<=480)), (MOD('(直掃)RX Mapping'!E4,120)-1), IF( (AND('(直掃)RX Mapping'!E4>=480,'(直掃)RX Mapping'!E4<=960)), IF(MOD('(直掃)RX Mapping'!E4,120)=0, 120, 240-MOD('(直掃)RX Mapping'!E4,120)),9999))+IF(AND(MOD('(直掃)RX Mapping'!E4,120)=0, '(直掃)RX Mapping'!E4 <= 480, '(直掃)RX Mapping'!E4 > 0), 120) -> 122 | F4: =IF( (AND('(直掃)RX Mapping'!F4>=0,'(直掃)RX Mapping'!F4<=480)), (MOD('(直掃)RX Mapping'!F4,120)-1), IF( (AND('(直掃)RX Mapping'!F4>=480,'(直掃)RX Mapping'!F4<=960)), IF(MOD('(直掃)RX Mapping'!F4,120)=0, 120, 240-MOD('(直掃)RX Mapping'!F4,120)),9999))+IF(AND(MOD('(直掃)RX Mapping'!F4,120)=0, '(直掃)RX Mapping'!F4 <= 480, '(直掃)RX Mapping'!F4 > 0), 120) -> 152 | G4: =IF( (AND('(直掃)RX Mapping'!G4>=0,'(直掃)RX Mapping'!G4<=480)), (MOD('(直掃)RX Mapping'!G4,120)-1), IF( (AND('(直掃)RX Mapping'!G4>=480,'(直掃)RX Mapping'!G4<=960)), IF(MOD('(直掃)RX Mapping'!G4,120)=0, 120, 240-MOD('(直掃)RX Mapping'!G4,120)),9999))+IF(AND(MOD('(直掃)RX Mapping'!G4,120)=0, '(直掃)RX Mapping'!G4 <= 480, '(直掃)RX Mapping'!G4 > 0), 120) -> 182 | H4: =IF( (AND('(直掃)RX Mapping'!H4>=0,'(直掃)RX Mapping'!H4<=480)), (MOD('(直掃)RX Mapping'!H4,120)-1), IF( (AND('(直掃)RX Mapping'!H4>=480,'(直掃)RX Mapping'!H4<=960)), IF(MOD('(直掃)RX Mapping'!H4,120)=0, 120, 240-MOD('(直掃)RX Mapping'!H4,120)),9999))+IF(AND(MOD('(直掃)RX Mapping'!H4,120)=0, '(直掃)RX Mapping'!H4 <= 480, '(直掃)RX Mapping'!H4 > 0), 120) -> 122 | I4: =IF( (AND('(直掃)RX Mapping'!I4>=0,'(直掃)RX Mapping'!I4<=480)), (MOD('(直掃)RX Mapping'!I4,120)-1), IF( (AND('(直掃)RX Mapping'!I4>=480,'(直掃)RX Mapping'!I4<=960)), IF(MOD('(直掃)RX Mapping'!I4,120)=0, 120, 240-MOD('(直掃)RX Mapping'!I4,120)),9999))+IF(AND(MOD('(直掃)RX Mapping'!I4,120)=0, '(直掃)RX Mapping'!I4 <= 480, '(直掃)RX Mapping'!I4 > 0), 120) -> 152 | ... AS4: =IF( (AND('(直掃)RX Mapping'!AS4>=0,'(直掃)RX Mapping'!AS4<=480)), (MOD('(直掃)RX Mapping'!AS4,120)-1), IF( (AND('(直掃)RX Mapping'!AS4>=480,'(直掃)RX Mapping'!AS4<=960)), IF(MOD('(直掃)RX Mapping'!AS4,120)=0, 120, 240-MOD('(直掃)RX Mapping'!AS4,120)),9999))+IF(AND(MOD('(直掃)RX Mapping'!AS4,120)=0, '(直掃)RX Mapping'!AS4 <= 480, '(直掃)RX Mapping'!AS4 > 0), 120) -> -1 | AT4: =IF(AND('(橫掃)RX Mapping'!AT4>=1,'(橫掃)RX Mapping'!AT4<=120), ('(橫掃)RX Mapping'!AT4-1),IF(AND('(橫掃)RX Mapping'!AT4>=121,'(橫掃)RX Mapping'!AT4<=240), (-1)*('(橫掃)RX Mapping'!AT4-240),IF(AND('(橫掃)RX Mapping'!AT4>=241,'(橫掃)RX Mapping'!AT4<=360), ('(橫掃)RX Mapping'!AT4-241),IF(AND('(橫掃)RX Mapping'!AT4>=361,'(橫掃)RX Mapping'!AT4<=480), (-1)*('(橫掃)RX Mapping'!AT4-480),IF(AND('(橫掃)RX Mapping'!AT4>=481,'(橫掃)RX Mapping'!AT4<=600), ('(橫掃)RX Mapping'!AT4-361),IF(AND('(橫掃)RX Mapping'!AT4>=601,'(橫掃)RX Mapping'!AT4<=720), (-1)*('(橫掃)RX Mapping'!AT4-720)+120,IF(AND('(橫掃)RX Mapping'!AT4>=721,'(橫掃)RX Mapping'!AT4<=840), ('(橫掃)RX Mapping'!AT4-601),IF(AND('(橫掃)RX Mapping'!AT4>=841,'(橫掃)RX Mapping'!AT4<=960), (-1)*('(橫掃)RX Mapping'!AT4-960)+120,9999)))))))) -> 9999 | AU4: =IF(AND('(橫掃)RX Mapping'!AU4>=1,'(橫掃)RX Mapping'!AU4<=120), ('(橫掃)RX Mapping'!AU4-1),IF(AND('(橫掃)RX Mapping'!AU4>=121,'(橫掃)RX Mapping'!AU4<=240), (-1)*('(橫掃)RX Mapping'!AU4-240),IF(AND('(橫掃)RX Mapping'!AU4>=241,'(橫掃)RX Mapping'!AU4<=360), ('(橫掃)RX Mapping'!AU4-241),IF(AND('(橫掃)RX Mapping'!AU4>=361,'(橫掃)RX Mapping'!AU4<=480), (-1)*('(橫掃)RX Mapping'!AU4-480),IF(AND('(橫掃)RX Mapping'!AU4>=481,'(橫掃)RX Mapping'!AU4<=600), ('(橫掃)RX Mapping'!AU4-361),IF(AND('(橫掃)RX Mapping'!AU4>=601,'(橫掃)RX Mapping'!AU4<=720), (-1)*('(橫掃)RX Mapping'!AU4-720)+120,IF(AND('(橫掃)RX Mapping'!AU4>=721,'(橫掃)RX Mapping'!AU4<=840), ('(橫掃)RX Mapping'!AU4-601),IF(AND('(橫掃)RX Mapping'!AU4>=841,'(橫掃)RX Mapping'!AU4<=960), (-1)*('(橫掃)RX Mapping'!AU4-960)+120,9999)))))))) -> 9999 | AV4: =IF(AND('(橫掃)RX Mapping'!AV4>=1,'(橫掃)RX Mapping'!AV4<=120), ('(橫掃)RX Mapping'!AV4-1),IF(AND('(橫掃)RX Mapping'!AV4>=121,'(橫掃)RX Mapping'!AV4<=240), (-1)*('(橫掃)RX Mapping'!AV4-240),IF(AND('(橫掃)RX Mapping'!AV4>=241,'(橫掃)RX Mapping'!AV4<=360), ('(橫掃)RX Mapping'!AV4-241),IF(AND('(橫掃)RX Mapping'!AV4>=361,'(橫掃)RX Mapping'!AV4<=480), (-1)*('(橫掃)RX Mapping'!AV4-480),IF(AND('(橫掃)RX Mapping'!AV4>=481,'(橫掃)RX Mapping'!AV4<=600), ('(橫掃)RX Mapping'!AV4-361),IF(AND('(橫掃)RX Mapping'!AV4>=601,'(橫掃)RX Mapping'!AV4<=720), (-1)*('(橫掃)RX Mapping'!AV4-720)+120,IF(AND('(橫掃)RX Mapping'!AV4>=721,'(橫掃)RX Mapping'!AV4<=840), ('(橫掃)RX Mapping'!AV4-601),IF(AND('(橫掃)RX Mapping'!AV4>=841,'(橫掃)RX Mapping'!AV4<=960), (-1)*('(橫掃)RX Mapping'!AV4-960)+120,9999)))))))) -> 9999 | AW4: =IF(AND('(橫掃)RX Mapping'!AW4>=1,'(橫掃)RX Mapping'!AW4<=120), ('(橫掃)RX Mapping'!AW4-1),IF(AND('(橫掃)RX Mapping'!AW4>=121,'(橫掃)RX Mapping'!AW4<=240), (-1)*('(橫掃)RX Mapping'!AW4-240),IF(AND('(橫掃)RX Mapping'!AW4>=241,'(橫掃)RX Mapping'!AW4<=360), ('(橫掃)RX Mapping'!AW4-241),IF(AND('(橫掃)RX Mapping'!AW4>=361,'(橫掃)RX Mapping'!AW4<=480), (-1)*('(橫掃)RX Mapping'!AW4-480),IF(AND('(橫掃)RX Mapping'!AW4>=481,'(橫掃)RX Mapping'!AW4<=600), ('(橫掃)RX Mapping'!AW4-361),IF(AND('(橫掃)RX Mapping'!AW4>=601,'(橫掃)RX Mapping'!AW4<=720), (-1)*('(橫掃)RX Mapping'!AW4-720)+120,IF(AND('(橫掃)RX Mapping'!AW4>=721,'(橫掃)RX Mapping'!AW4<=840), ('(橫掃)RX Mapping'!AW4-601),IF(AND('(橫掃)RX Mapping'!AW4>=841,'(橫掃)RX Mapping'!AW4<=960), (-1)*('(橫掃)RX Mapping'!AW4-960)+120,9999)))))))) -> 9999 | AX4: =IF(AND('(橫掃)RX Mapping'!AX4>=1,'(橫掃)RX Mapping'!AX4<=120), ('(橫掃)RX Mapping'!AX4-1),IF(AND('(橫掃)RX Mapping'!AX4>=121,'(橫掃)RX Mapping'!AX4<=240), (-1)*('(橫掃)RX Mapping'!AX4-240),IF(AND('(橫掃)RX Mapping'!AX4>=241,'(橫掃)RX Mapping'!AX4<=360), ('(橫掃)RX Mapping'!AX4-241),IF(AND('(橫掃)RX Mapping'!AX4>=361,'(橫掃)RX Mapping'!AX4<=480), (-1)*('(橫掃)RX Mapping'!AX4-480),IF(AND('(橫掃)RX Mapping'!AX4>=481,'(橫掃)RX Mapping'!AX4<=600), ('(橫掃)RX Mapping'!AX4-361),IF(AND('(橫掃)RX Mapping'!AX4>=601,'(橫掃)RX Mapping'!AX4<=720), (-1)*('(橫掃)RX Mapping'!AX4-720)+120,IF(AND('(橫掃)RX Mapping'!AX4>=721,'(橫掃)RX Mapping'!AX4<=840), ('(橫掃)RX Mapping'!AX4-601),IF(AND('(橫掃)RX Mapping'!AX4>=841,'(橫掃)RX Mapping'!AX4<=960), (-1)*('(橫掃)RX Mapping'!AX4-960)+120,9999)))))))) -> 9999 | AY4: =IF(AND('(橫掃)RX Mapping'!AY4>=1,'(橫掃)RX Mapping'!AY4<=120), ('(橫掃)RX Mapping'!AY4-1),IF(AND('(橫掃)RX Mapping'!AY4>=121,'(橫掃)RX Mapping'!AY4<=240), (-1)*('(橫掃)RX Mapping'!AY4-240),IF(AND('(橫掃)RX Mapping'!AY4>=241,'(橫掃)RX Mapping'!AY4<=360), ('(橫掃)RX Mapping'!AY4-241),IF(AND('(橫掃)RX Mapping'!AY4>=361,'(橫掃)RX Mapping'!AY4<=480), (-1)*('(橫掃)RX Mapping'!AY4-480),IF(AND('(橫掃)RX Mapping'!AY4>=481,'(橫掃)RX Mapping'!AY4<=600), ('(橫掃)RX Mapping'!AY4-361),IF(AND('(橫掃)RX Mapping'!AY4>=601,'(橫掃)RX Mapping'!AY4<=720), (-1)*('(橫掃)RX Mapping'!AY4-720)+120,IF(AND('(橫掃)RX Mapping'!AY4>=721,'(橫掃)RX Mapping'!AY4<=840), ('(橫掃)RX Mapping'!AY4-601),IF(AND('(橫掃)RX Mapping'!AY4>=841,'(橫掃)RX Mapping'!AY4<=960), (-1)*('(橫掃)RX Mapping'!AY4-960)+120,9999)))))))) -> 9999 | AZ4: =IF(AND('(橫掃)RX Mapping'!AZ4>=1,'(橫掃)RX Mapping'!AZ4<=120), ('(橫掃)RX Mapping'!AZ4-1),IF(AND('(橫掃)RX Mapping'!AZ4>=121,'(橫掃)RX Mapping'!AZ4<=240), (-1)*('(橫掃)RX Mapping'!AZ4-240),IF(AND('(橫掃)RX Mapping'!AZ4>=241,'(橫掃)RX Mapping'!AZ4<=360), ('(橫掃)RX Mapping'!AZ4-241),IF(AND('(橫掃)RX Mapping'!AZ4>=361,'(橫掃)RX Mapping'!AZ4<=480), (-1)*('(橫掃)RX Mapping'!AZ4-480),IF(AND('(橫掃)RX Mapping'!AZ4>=481,'(橫掃)RX Mapping'!AZ4<=600), ('(橫掃)RX Mapping'!AZ4-361),IF(AND('(橫掃)RX Mapping'!AZ4>=601,'(橫掃)RX Mapping'!AZ4<=720), (-1)*('(橫掃)RX Mapping'!AZ4-720)+120,IF(AND('(橫掃)RX Mapping'!AZ4>=721,'(橫掃)RX Mapping'!AZ4<=840), ('(橫掃)RX Mapping'!AZ4-601),IF(AND('(橫掃)RX Mapping'!AZ4>=841,'(橫掃)RX Mapping'!AZ4<=960), (-1)*('(橫掃)RX Mapping'!AZ4-960)+120,9999)))))))) -> 9999 | BA4: =IF(AND('(橫掃)RX Mapping'!BA4>=1,'(橫掃)RX Mapping'!BA4<=120), ('(橫掃)RX Mapping'!BA4-1),IF(AND('(橫掃)RX Mapping'!BA4>=121,'(橫掃)RX Mapping'!BA4<=240), (-1)*('(橫掃)RX Mapping'!BA4-240),IF(AND('(橫掃)RX Mapping'!BA4>=241,'(橫掃)RX Mapping'!BA4<=360), ('(橫掃)RX Mapping'!BA4-241),IF(AND('(橫掃)RX Mapping'!BA4>=361,'(橫掃)RX Mapping'!BA4<=480), (-1)*('(橫掃)RX Mapping'!BA4-480),IF(AND('(橫掃)RX Mapping'!BA4>=481,'(橫掃)RX Mapping'!BA4<=600), ('(橫掃)RX Mapping'!BA4-361),IF(AND('(橫掃)RX Mapping'!BA4>=601,'(橫掃)RX Mapping'!BA4<=720), (-1)*('(橫掃)RX Mapping'!BA4-720)+120,IF(AND('(橫掃)RX Mapping'!BA4>=721,'(橫掃)RX Mapping'!BA4<=840), ('(橫掃)RX Mapping'!BA4-601),IF(AND('(橫掃)RX Mapping'!BA4>=841,'(橫掃)RX Mapping'!BA4<=960), (-1)*('(橫掃)RX Mapping'!BA4-960)+120,9999)))))))) -> 9999 | ... BI4: =IF(AND('(橫掃)RX Mapping'!BI4>=1,'(橫掃)RX Mapping'!BI4<=120), ('(橫掃)RX Mapping'!BI4-1),IF(AND('(橫掃)RX Mapping'!BI4>=121,'(橫掃)RX Mapping'!BI4<=240), (-1)*('(橫掃)RX Mapping'!BI4-240),IF(AND('(橫掃)RX Mapping'!BI4>=241,'(橫掃)RX Mapping'!BI4<=360), ('(橫掃)RX Mapping'!BI4-241),IF(AND('(橫掃)RX Mapping'!BI4>=361,'(橫掃)RX Mapping'!BI4<=480), (-1)*('(橫掃)RX Mapping'!BI4-480),IF(AND('(橫掃)RX Mapping'!BI4>=481,'(橫掃)RX Mapping'!BI4<=600), ('(橫掃)RX Mapping'!BI4-361),IF(AND('(橫掃)RX Mapping'!BI4>=601,'(橫掃)RX Mapping'!BI4<=720), (-1)*('(橫掃)RX Mapping'!BI4-720)+120,IF(AND('(橫掃)RX Mapping'!BI4>=721,'(橫掃)RX Mapping'!BI4<=840), ('(橫掃)RX Mapping'!BI4-601),IF(AND('(橫掃)RX Mapping'!BI4>=841,'(橫掃)RX Mapping'!BI4<=960), (-1)*('(橫掃)RX Mapping'!BI4-960)+120,9999)))))))) -> 9999
A5: 4 | B5: =IF( (AND('(直掃)RX Mapping'!B5>=0,'(直掃)RX Mapping'!B5<=480)), (MOD('(直掃)RX Mapping'!B5,120)-1), IF( (AND('(直掃)RX Mapping'!B5>=480,'(直掃)RX Mapping'!B5<=960)), IF(MOD('(直掃)RX Mapping'!B5,120)=0, 120, 240-MOD('(直掃)RX Mapping'!B5,120)),9999))+IF(AND(MOD('(直掃)RX Mapping'!B5,120)=0, '(直掃)RX Mapping'!B5 <= 480, '(直掃)RX Mapping'!B5 > 0), 120) -> 123 | C5: =IF( (AND('(直掃)RX Mapping'!C5>=0,'(直掃)RX Mapping'!C5<=480)), (MOD('(直掃)RX Mapping'!C5,120)-1), IF( (AND('(直掃)RX Mapping'!C5>=480,'(直掃)RX Mapping'!C5<=960)), IF(MOD('(直掃)RX Mapping'!C5,120)=0, 120, 240-MOD('(直掃)RX Mapping'!C5,120)),9999))+IF(AND(MOD('(直掃)RX Mapping'!C5,120)=0, '(直掃)RX Mapping'!C5 <= 480, '(直掃)RX Mapping'!C5 > 0), 120) -> 153 | D5: =IF( (AND('(直掃)RX Mapping'!D5>=0,'(直掃)RX Mapping'!D5<=480)), (MOD('(直掃)RX Mapping'!D5,120)-1), IF( (AND('(直掃)RX Mapping'!D5>=480,'(直掃)RX Mapping'!D5<=960)), IF(MOD('(直掃)RX Mapping'!D5,120)=0, 120, 240-MOD('(直掃)RX Mapping'!D5,120)),9999))+IF(AND(MOD('(直掃)RX Mapping'!D5,120)=0, '(直掃)RX Mapping'!D5 <= 480, '(直掃)RX Mapping'!D5 > 0), 120) -> 183 | E5: =IF( (AND('(直掃)RX Mapping'!E5>=0,'(直掃)RX Mapping'!E5<=480)), (MOD('(直掃)RX Mapping'!E5,120)-1), IF( (AND('(直掃)RX Mapping'!E5>=480,'(直掃)RX Mapping'!E5<=960)), IF(MOD('(直掃)RX Mapping'!E5,120)=0, 120, 240-MOD('(直掃)RX Mapping'!E5,120)),9999))+IF(AND(MOD('(直掃)RX Mapping'!E5,120)=0, '(直掃)RX Mapping'!E5 <= 480, '(直掃)RX Mapping'!E5 > 0), 120) -> 123 | F5: =IF( (AND('(直掃)RX Mapping'!F5>=0,'(直掃)RX Mapping'!F5<=480)), (MOD('(直掃)RX Mapping'!F5,120)-1), IF( (AND('(直掃)RX Mapping'!F5>=480,'(直掃)RX Mapping'!F5<=960)), IF(MOD('(直掃)RX Mapping'!F5,120)=0, 120, 240-MOD('(直掃)RX Mapping'!F5,120)),9999))+IF(AND(MOD('(直掃)RX Mapping'!F5,120)=0, '(直掃)RX Mapping'!F5 <= 480, '(直掃)RX Mapping'!F5 > 0), 120) -> 153 | G5: =IF( (AND('(直掃)RX Mapping'!G5>=0,'(直掃)RX Mapping'!G5<=480)), (MOD('(直掃)RX Mapping'!G5,120)-1), IF( (AND('(直掃)RX Mapping'!G5>=480,'(直掃)RX Mapping'!G5<=960)), IF(MOD('(直掃)RX Mapping'!G5,120)=0, 120, 240-MOD('(直掃)RX Mapping'!G5,120)),9999))+IF(AND(MOD('(直掃)RX Mapping'!G5,120)=0, '(直掃)RX Mapping'!G5 <= 480, '(直掃)RX Mapping'!G5 > 0), 120) -> 183 | H5: =IF( (AND('(直掃)RX Mapping'!H5>=0,'(直掃)RX Mapping'!H5<=480)), (MOD('(直掃)RX Mapping'!H5,120)-1), IF( (AND('(直掃)RX Mapping'!H5>=480,'(直掃)RX Mapping'!H5<=960)), IF(MOD('(直掃)RX Mapping'!H5,120)=0, 120, 240-MOD('(直掃)RX Mapping'!H5,120)),9999))+IF(AND(MOD('(直掃)RX Mapping'!H5,120)=0, '(直掃)RX Mapping'!H5 <= 480, '(直掃)RX Mapping'!H5 > 0), 120) -> 123 | I5: =IF( (AND('(直掃)RX Mapping'!I5>=0,'(直掃)RX Mapping'!I5<=480)), (MOD('(直掃)RX Mapping'!I5,120)-1), IF( (AND('(直掃)RX Mapping'!I5>=480,'(直掃)RX Mapping'!I5<=960)), IF(MOD('(直掃)RX Mapping'!I5,120)=0, 120, 240-MOD('(直掃)RX Mapping'!I5,120)),9999))+IF(AND(MOD('(直掃)RX Mapping'!I5,120)=0, '(直掃)RX Mapping'!I5 <= 480, '(直掃)RX Mapping'!I5 > 0), 120) -> 153 | ... AS5: =IF( (AND('(直掃)RX Mapping'!AS5>=0,'(直掃)RX Mapping'!AS5<=480)), (MOD('(直掃)RX Mapping'!AS5,120)-1), IF( (AND('(直掃)RX Mapping'!AS5>=480,'(直掃)RX Mapping'!AS5<=960)), IF(MOD('(直掃)RX Mapping'!AS5,120)=0, 120, 240-MOD('(直掃)RX Mapping'!AS5,120)),9999))+IF(AND(MOD('(直掃)RX Mapping'!AS5,120)=0, '(直掃)RX Mapping'!AS5 <= 480, '(直掃)RX Mapping'!AS5 > 0), 120) -> -1 | AT5: =IF(AND('(橫掃)RX Mapping'!AT5>=1,'(橫掃)RX Mapping'!AT5<=120), ('(橫掃)RX Mapping'!AT5-1),IF(AND('(橫掃)RX Mapping'!AT5>=121,'(橫掃)RX Mapping'!AT5<=240), (-1)*('(橫掃)RX Mapping'!AT5-240),IF(AND('(橫掃)RX Mapping'!AT5>=241,'(橫掃)RX Mapping'!AT5<=360), ('(橫掃)RX Mapping'!AT5-241),IF(AND('(橫掃)RX Mapping'!AT5>=361,'(橫掃)RX Mapping'!AT5<=480), (-1)*('(橫掃)RX Mapping'!AT5-480),IF(AND('(橫掃)RX Mapping'!AT5>=481,'(橫掃)RX Mapping'!AT5<=600), ('(橫掃)RX Mapping'!AT5-361),IF(AND('(橫掃)RX Mapping'!AT5>=601,'(橫掃)RX Mapping'!AT5<=720), (-1)*('(橫掃)RX Mapping'!AT5-720)+120,IF(AND('(橫掃)RX Mapping'!AT5>=721,'(橫掃)RX Mapping'!AT5<=840), ('(橫掃)RX Mapping'!AT5-601),IF(AND('(橫掃)RX Mapping'!AT5>=841,'(橫掃)RX Mapping'!AT5<=960), (-1)*('(橫掃)RX Mapping'!AT5-960)+120,9999)))))))) -> 9999 | AU5: =IF(AND('(橫掃)RX Mapping'!AU5>=1,'(橫掃)RX Mapping'!AU5<=120), ('(橫掃)RX Mapping'!AU5-1),IF(AND('(橫掃)RX Mapping'!AU5>=121,'(橫掃)RX Mapping'!AU5<=240), (-1)*('(橫掃)RX Mapping'!AU5-240),IF(AND('(橫掃)RX Mapping'!AU5>=241,'(橫掃)RX Mapping'!AU5<=360), ('(橫掃)RX Mapping'!AU5-241),IF(AND('(橫掃)RX Mapping'!AU5>=361,'(橫掃)RX Mapping'!AU5<=480), (-1)*('(橫掃)RX Mapping'!AU5-480),IF(AND('(橫掃)RX Mapping'!AU5>=481,'(橫掃)RX Mapping'!AU5<=600), ('(橫掃)RX Mapping'!AU5-361),IF(AND('(橫掃)RX Mapping'!AU5>=601,'(橫掃)RX Mapping'!AU5<=720), (-1)*('(橫掃)RX Mapping'!AU5-720)+120,IF(AND('(橫掃)RX Mapping'!AU5>=721,'(橫掃)RX Mapping'!AU5<=840), ('(橫掃)RX Mapping'!AU5-601),IF(AND('(橫掃)RX Mapping'!AU5>=841,'(橫掃)RX Mapping'!AU5<=960), (-1)*('(橫掃)RX Mapping'!AU5-960)+120,9999)))))))) -> 9999 | AV5: =IF(AND('(橫掃)RX Mapping'!AV5>=1,'(橫掃)RX Mapping'!AV5<=120), ('(橫掃)RX Mapping'!AV5-1),IF(AND('(橫掃)RX Mapping'!AV5>=121,'(橫掃)RX Mapping'!AV5<=240), (-1)*('(橫掃)RX Mapping'!AV5-240),IF(AND('(橫掃)RX Mapping'!AV5>=241,'(橫掃)RX Mapping'!AV5<=360), ('(橫掃)RX Mapping'!AV5-241),IF(AND('(橫掃)RX Mapping'!AV5>=361,'(橫掃)RX Mapping'!AV5<=480), (-1)*('(橫掃)RX Mapping'!AV5-480),IF(AND('(橫掃)RX Mapping'!AV5>=481,'(橫掃)RX Mapping'!AV5<=600), ('(橫掃)RX Mapping'!AV5-361),IF(AND('(橫掃)RX Mapping'!AV5>=601,'(橫掃)RX Mapping'!AV5<=720), (-1)*('(橫掃)RX Mapping'!AV5-720)+120,IF(AND('(橫掃)RX Mapping'!AV5>=721,'(橫掃)RX Mapping'!AV5<=840), ('(橫掃)RX Mapping'!AV5-601),IF(AND('(橫掃)RX Mapping'!AV5>=841,'(橫掃)RX Mapping'!AV5<=960), (-1)*('(橫掃)RX Mapping'!AV5-960)+120,9999)))))))) -> 9999 | AW5: =IF(AND('(橫掃)RX Mapping'!AW5>=1,'(橫掃)RX Mapping'!AW5<=120), ('(橫掃)RX Mapping'!AW5-1),IF(AND('(橫掃)RX Mapping'!AW5>=121,'(橫掃)RX Mapping'!AW5<=240), (-1)*('(橫掃)RX Mapping'!AW5-240),IF(AND('(橫掃)RX Mapping'!AW5>=241,'(橫掃)RX Mapping'!AW5<=360), ('(橫掃)RX Mapping'!AW5-241),IF(AND('(橫掃)RX Mapping'!AW5>=361,'(橫掃)RX Mapping'!AW5<=480), (-1)*('(橫掃)RX Mapping'!AW5-480),IF(AND('(橫掃)RX Mapping'!AW5>=481,'(橫掃)RX Mapping'!AW5<=600), ('(橫掃)RX Mapping'!AW5-361),IF(AND('(橫掃)RX Mapping'!AW5>=601,'(橫掃)RX Mapping'!AW5<=720), (-1)*('(橫掃)RX Mapping'!AW5-720)+120,IF(AND('(橫掃)RX Mapping'!AW5>=721,'(橫掃)RX Mapping'!AW5<=840), ('(橫掃)RX Mapping'!AW5-601),IF(AND('(橫掃)RX Mapping'!AW5>=841,'(橫掃)RX Mapping'!AW5<=960), (-1)*('(橫掃)RX Mapping'!AW5-960)+120,9999)))))))) -> 9999 | AX5: =IF(AND('(橫掃)RX Mapping'!AX5>=1,'(橫掃)RX Mapping'!AX5<=120), ('(橫掃)RX Mapping'!AX5-1),IF(AND('(橫掃)RX Mapping'!AX5>=121,'(橫掃)RX Mapping'!AX5<=240), (-1)*('(橫掃)RX Mapping'!AX5-240),IF(AND('(橫掃)RX Mapping'!AX5>=241,'(橫掃)RX Mapping'!AX5<=360), ('(橫掃)RX Mapping'!AX5-241),IF(AND('(橫掃)RX Mapping'!AX5>=361,'(橫掃)RX Mapping'!AX5<=480), (-1)*('(橫掃)RX Mapping'!AX5-480),IF(AND('(橫掃)RX Mapping'!AX5>=481,'(橫掃)RX Mapping'!AX5<=600), ('(橫掃)RX Mapping'!AX5-361),IF(AND('(橫掃)RX Mapping'!AX5>=601,'(橫掃)RX Mapping'!AX5<=720), (-1)*('(橫掃)RX Mapping'!AX5-720)+120,IF(AND('(橫掃)RX Mapping'!AX5>=721,'(橫掃)RX Mapping'!AX5<=840), ('(橫掃)RX Mapping'!AX5-601),IF(AND('(橫掃)RX Mapping'!AX5>=841,'(橫掃)RX Mapping'!AX5<=960), (-1)*('(橫掃)RX Mapping'!AX5-960)+120,9999)))))))) -> 9999 | AY5: =IF(AND('(橫掃)RX Mapping'!AY5>=1,'(橫掃)RX Mapping'!AY5<=120), ('(橫掃)RX Mapping'!AY5-1),IF(AND('(橫掃)RX Mapping'!AY5>=121,'(橫掃)RX Mapping'!AY5<=240), (-1)*('(橫掃)RX Mapping'!AY5-240),IF(AND('(橫掃)RX Mapping'!AY5>=241,'(橫掃)RX Mapping'!AY5<=360), ('(橫掃)RX Mapping'!AY5-241),IF(AND('(橫掃)RX Mapping'!AY5>=361,'(橫掃)RX Mapping'!AY5<=480), (-1)*('(橫掃)RX Mapping'!AY5-480),IF(AND('(橫掃)RX Mapping'!AY5>=481,'(橫掃)RX Mapping'!AY5<=600), ('(橫掃)RX Mapping'!AY5-361),IF(AND('(橫掃)RX Mapping'!AY5>=601,'(橫掃)RX Mapping'!AY5<=720), (-1)*('(橫掃)RX Mapping'!AY5-720)+120,IF(AND('(橫掃)RX Mapping'!AY5>=721,'(橫掃)RX Mapping'!AY5<=840), ('(橫掃)RX Mapping'!AY5-601),IF(AND('(橫掃)RX Mapping'!AY5>=841,'(橫掃)RX Mapping'!AY5<=960), (-1)*('(橫掃)RX Mapping'!AY5-960)+120,9999)))))))) -> 9999 | AZ5: =IF(AND('(橫掃)RX Mapping'!AZ5>=1,'(橫掃)RX Mapping'!AZ5<=120), ('(橫掃)RX Mapping'!AZ5-1),IF(AND('(橫掃)RX Mapping'!AZ5>=121,'(橫掃)RX Mapping'!AZ5<=240), (-1)*('(橫掃)RX Mapping'!AZ5-240),IF(AND('(橫掃)RX Mapping'!AZ5>=241,'(橫掃)RX Mapping'!AZ5<=360), ('(橫掃)RX Mapping'!AZ5-241),IF(AND('(橫掃)RX Mapping'!AZ5>=361,'(橫掃)RX Mapping'!AZ5<=480), (-1)*('(橫掃)RX Mapping'!AZ5-480),IF(AND('(橫掃)RX Mapping'!AZ5>=481,'(橫掃)RX Mapping'!AZ5<=600), ('(橫掃)RX Mapping'!AZ5-361),IF(AND('(橫掃)RX Mapping'!AZ5>=601,'(橫掃)RX Mapping'!AZ5<=720), (-1)*('(橫掃)RX Mapping'!AZ5-720)+120,IF(AND('(橫掃)RX Mapping'!AZ5>=721,'(橫掃)RX Mapping'!AZ5<=840), ('(橫掃)RX Mapping'!AZ5-601),IF(AND('(橫掃)RX Mapping'!AZ5>=841,'(橫掃)RX Mapping'!AZ5<=960), (-1)*('(橫掃)RX Mapping'!AZ5-960)+120,9999)))))))) -> 9999 | BA5: =IF(AND('(橫掃)RX Mapping'!BA5>=1,'(橫掃)RX Mapping'!BA5<=120), ('(橫掃)RX Mapping'!BA5-1),IF(AND('(橫掃)RX Mapping'!BA5>=121,'(橫掃)RX Mapping'!BA5<=240), (-1)*('(橫掃)RX Mapping'!BA5-240),IF(AND('(橫掃)RX Mapping'!BA5>=241,'(橫掃)RX Mapping'!BA5<=360), ('(橫掃)RX Mapping'!BA5-241),IF(AND('(橫掃)RX Mapping'!BA5>=361,'(橫掃)RX Mapping'!BA5<=480), (-1)*('(橫掃)RX Mapping'!BA5-480),IF(AND('(橫掃)RX Mapping'!BA5>=481,'(橫掃)RX Mapping'!BA5<=600), ('(橫掃)RX Mapping'!BA5-361),IF(AND('(橫掃)RX Mapping'!BA5>=601,'(橫掃)RX Mapping'!BA5<=720), (-1)*('(橫掃)RX Mapping'!BA5-720)+120,IF(AND('(橫掃)RX Mapping'!BA5>=721,'(橫掃)RX Mapping'!BA5<=840), ('(橫掃)RX Mapping'!BA5-601),IF(AND('(橫掃)RX Mapping'!BA5>=841,'(橫掃)RX Mapping'!BA5<=960), (-1)*('(橫掃)RX Mapping'!BA5-960)+120,9999)))))))) -> 9999 | ... BI5: =IF(AND('(橫掃)RX Mapping'!BI5>=1,'(橫掃)RX Mapping'!BI5<=120), ('(橫掃)RX Mapping'!BI5-1),IF(AND('(橫掃)RX Mapping'!BI5>=121,'(橫掃)RX Mapping'!BI5<=240), (-1)*('(橫掃)RX Mapping'!BI5-240),IF(AND('(橫掃)RX Mapping'!BI5>=241,'(橫掃)RX Mapping'!BI5<=360), ('(橫掃)RX Mapping'!BI5-241),IF(AND('(橫掃)RX Mapping'!BI5>=361,'(橫掃)RX Mapping'!BI5<=480), (-1)*('(橫掃)RX Mapping'!BI5-480),IF(AND('(橫掃)RX Mapping'!BI5>=481,'(橫掃)RX Mapping'!BI5<=600), ('(橫掃)RX Mapping'!BI5-361),IF(AND('(橫掃)RX Mapping'!BI5>=601,'(橫掃)RX Mapping'!BI5<=720), (-1)*('(橫掃)RX Mapping'!BI5-720)+120,IF(AND('(橫掃)RX Mapping'!BI5>=721,'(橫掃)RX Mapping'!BI5<=840), ('(橫掃)RX Mapping'!BI5-601),IF(AND('(橫掃)RX Mapping'!BI5>=841,'(橫掃)RX Mapping'!BI5<=960), (-1)*('(橫掃)RX Mapping'!BI5-960)+120,9999)))))))) -> 9999
A6: 5 | B6: =IF( (AND('(直掃)RX Mapping'!B6>=0,'(直掃)RX Mapping'!B6<=480)), (MOD('(直掃)RX Mapping'!B6,120)-1), IF( (AND('(直掃)RX Mapping'!B6>=480,'(直掃)RX Mapping'!B6<=960)), IF(MOD('(直掃)RX Mapping'!B6,120)=0, 120, 240-MOD('(直掃)RX Mapping'!B6,120)),9999))+IF(AND(MOD('(直掃)RX Mapping'!B6,120)=0, '(直掃)RX Mapping'!B6 <= 480, '(直掃)RX Mapping'!B6 > 0), 120) -> 124 | C6: =IF( (AND('(直掃)RX Mapping'!C6>=0,'(直掃)RX Mapping'!C6<=480)), (MOD('(直掃)RX Mapping'!C6,120)-1), IF( (AND('(直掃)RX Mapping'!C6>=480,'(直掃)RX Mapping'!C6<=960)), IF(MOD('(直掃)RX Mapping'!C6,120)=0, 120, 240-MOD('(直掃)RX Mapping'!C6,120)),9999))+IF(AND(MOD('(直掃)RX Mapping'!C6,120)=0, '(直掃)RX Mapping'!C6 <= 480, '(直掃)RX Mapping'!C6 > 0), 120) -> 154 | D6: =IF( (AND('(直掃)RX Mapping'!D6>=0,'(直掃)RX Mapping'!D6<=480)), (MOD('(直掃)RX Mapping'!D6,120)-1), IF( (AND('(直掃)RX Mapping'!D6>=480,'(直掃)RX Mapping'!D6<=960)), IF(MOD('(直掃)RX Mapping'!D6,120)=0, 120, 240-MOD('(直掃)RX Mapping'!D6,120)),9999))+IF(AND(MOD('(直掃)RX Mapping'!D6,120)=0, '(直掃)RX Mapping'!D6 <= 480, '(直掃)RX Mapping'!D6 > 0), 120) -> 184 | E6: =IF( (AND('(直掃)RX Mapping'!E6>=0,'(直掃)RX Mapping'!E6<=480)), (MOD('(直掃)RX Mapping'!E6,120)-1), IF( (AND('(直掃)RX Mapping'!E6>=480,'(直掃)RX Mapping'!E6<=960)), IF(MOD('(直掃)RX Mapping'!E6,120)=0, 120, 240-MOD('(直掃)RX Mapping'!E6,120)),9999))+IF(AND(MOD('(直掃)RX Mapping'!E6,120)=0, '(直掃)RX Mapping'!E6 <= 480, '(直掃)RX Mapping'!E6 > 0), 120) -> 124 | F6: =IF( (AND('(直掃)RX Mapping'!F6>=0,'(直掃)RX Mapping'!F6<=480)), (MOD('(直掃)RX Mapping'!F6,120)-1), IF( (AND('(直掃)RX Mapping'!F6>=480,'(直掃)RX Mapping'!F6<=960)), IF(MOD('(直掃)RX Mapping'!F6,120)=0, 120, 240-MOD('(直掃)RX Mapping'!F6,120)),9999))+IF(AND(MOD('(直掃)RX Mapping'!F6,120)=0, '(直掃)RX Mapping'!F6 <= 480, '(直掃)RX Mapping'!F6 > 0), 120) -> 154 | G6: =IF( (AND('(直掃)RX Mapping'!G6>=0,'(直掃)RX Mapping'!G6<=480)), (MOD('(直掃)RX Mapping'!G6,120)-1), IF( (AND('(直掃)RX Mapping'!G6>=480,'(直掃)RX Mapping'!G6<=960)), IF(MOD('(直掃)RX Mapping'!G6,120)=0, 120, 240-MOD('(直掃)RX Mapping'!G6,120)),9999))+IF(AND(MOD('(直掃)RX Mapping'!G6,120)=0, '(直掃)RX Mapping'!G6 <= 480, '(直掃)RX Mapping'!G6 > 0), 120) -> 184 | H6: =IF( (AND('(直掃)RX Mapping'!H6>=0,'(直掃)RX Mapping'!H6<=480)), (MOD('(直掃)RX Mapping'!H6,120)-1), IF( (AND('(直掃)RX Mapping'!H6>=480,'(直掃)RX Mapping'!H6<=960)), IF(MOD('(直掃)RX Mapping'!H6,120)=0, 120, 240-MOD('(直掃)RX Mapping'!H6,120)),9999))+IF(AND(MOD('(直掃)RX Mapping'!H6,120)=0, '(直掃)RX Mapping'!H6 <= 480, '(直掃)RX Mapping'!H6 > 0), 120) -> 124 | I6: =IF( (AND('(直掃)RX Mapping'!I6>=0,'(直掃)RX Mapping'!I6<=480)), (MOD('(直掃)RX Mapping'!I6,120)-1), IF( (AND('(直掃)RX Mapping'!I6>=480,'(直掃)RX Mapping'!I6<=960)), IF(MOD('(直掃)RX Mapping'!I6,120)=0, 120, 240-MOD('(直掃)RX Mapping'!I6,120)),9999))+IF(AND(MOD('(直掃)RX Mapping'!I6,120)=0, '(直掃)RX Mapping'!I6 <= 480, '(直掃)RX Mapping'!I6 > 0), 120) -> 154 | ... AS6: =IF( (AND('(直掃)RX Mapping'!AS6>=0,'(直掃)RX Mapping'!AS6<=480)), (MOD('(直掃)RX Mapping'!AS6,120)-1), IF( (AND('(直掃)RX Mapping'!AS6>=480,'(直掃)RX Mapping'!AS6<=960)), IF(MOD('(直掃)RX Mapping'!AS6,120)=0, 120, 240-MOD('(直掃)RX Mapping'!AS6,120)),9999))+IF(AND(MOD('(直掃)RX Mapping'!AS6,120)=0, '(直掃)RX Mapping'!AS6 <= 480, '(直掃)RX Mapping'!AS6 > 0), 120) -> -1 | AT6: =IF(AND('(橫掃)RX Mapping'!AT6>=1,'(橫掃)RX Mapping'!AT6<=120), ('(橫掃)RX Mapping'!AT6-1),IF(AND('(橫掃)RX Mapping'!AT6>=121,'(橫掃)RX Mapping'!AT6<=240), (-1)*('(橫掃)RX Mapping'!AT6-240),IF(AND('(橫掃)RX Mapping'!AT6>=241,'(橫掃)RX Mapping'!AT6<=360), ('(橫掃)RX Mapping'!AT6-241),IF(AND('(橫掃)RX Mapping'!AT6>=361,'(橫掃)RX Mapping'!AT6<=480), (-1)*('(橫掃)RX Mapping'!AT6-480),IF(AND('(橫掃)RX Mapping'!AT6>=481,'(橫掃)RX Mapping'!AT6<=600), ('(橫掃)RX Mapping'!AT6-361),IF(AND('(橫掃)RX Mapping'!AT6>=601,'(橫掃)RX Mapping'!AT6<=720), (-1)*('(橫掃)RX Mapping'!AT6-720)+120,IF(AND('(橫掃)RX Mapping'!AT6>=721,'(橫掃)RX Mapping'!AT6<=840), ('(橫掃)RX Mapping'!AT6-601),IF(AND('(橫掃)RX Mapping'!AT6>=841,'(橫掃)RX Mapping'!AT6<=960), (-1)*('(橫掃)RX Mapping'!AT6-960)+120,9999)))))))) -> 9999 | AU6: =IF(AND('(橫掃)RX Mapping'!AU6>=1,'(橫掃)RX Mapping'!AU6<=120), ('(橫掃)RX Mapping'!AU6-1),IF(AND('(橫掃)RX Mapping'!AU6>=121,'(橫掃)RX Mapping'!AU6<=240), (-1)*('(橫掃)RX Mapping'!AU6-240),IF(AND('(橫掃)RX Mapping'!AU6>=241,'(橫掃)RX Mapping'!AU6<=360), ('(橫掃)RX Mapping'!AU6-241),IF(AND('(橫掃)RX Mapping'!AU6>=361,'(橫掃)RX Mapping'!AU6<=480), (-1)*('(橫掃)RX Mapping'!AU6-480),IF(AND('(橫掃)RX Mapping'!AU6>=481,'(橫掃)RX Mapping'!AU6<=600), ('(橫掃)RX Mapping'!AU6-361),IF(AND('(橫掃)RX Mapping'!AU6>=601,'(橫掃)RX Mapping'!AU6<=720), (-1)*('(橫掃)RX Mapping'!AU6-720)+120,IF(AND('(橫掃)RX Mapping'!AU6>=721,'(橫掃)RX Mapping'!AU6<=840), ('(橫掃)RX Mapping'!AU6-601),IF(AND('(橫掃)RX Mapping'!AU6>=841,'(橫掃)RX Mapping'!AU6<=960), (-1)*('(橫掃)RX Mapping'!AU6-960)+120,9999)))))))) -> 9999 | AV6: =IF(AND('(橫掃)RX Mapping'!AV6>=1,'(橫掃)RX Mapping'!AV6<=120), ('(橫掃)RX Mapping'!AV6-1),IF(AND('(橫掃)RX Mapping'!AV6>=121,'(橫掃)RX Mapping'!AV6<=240), (-1)*('(橫掃)RX Mapping'!AV6-240),IF(AND('(橫掃)RX Mapping'!AV6>=241,'(橫掃)RX Mapping'!AV6<=360), ('(橫掃)RX Mapping'!AV6-241),IF(AND('(橫掃)RX Mapping'!AV6>=361,'(橫掃)RX Mapping'!AV6<=480), (-1)*('(橫掃)RX Mapping'!AV6-480),IF(AND('(橫掃)RX Mapping'!AV6>=481,'(橫掃)RX Mapping'!AV6<=600), ('(橫掃)RX Mapping'!AV6-361),IF(AND('(橫掃)RX Mapping'!AV6>=601,'(橫掃)RX Mapping'!AV6<=720), (-1)*('(橫掃)RX Mapping'!AV6-720)+120,IF(AND('(橫掃)RX Mapping'!AV6>=721,'(橫掃)RX Mapping'!AV6<=840), ('(橫掃)RX Mapping'!AV6-601),IF(AND('(橫掃)RX Mapping'!AV6>=841,'(橫掃)RX Mapping'!AV6<=960), (-1)*('(橫掃)RX Mapping'!AV6-960)+120,9999)))))))) -> 9999 | AW6: =IF(AND('(橫掃)RX Mapping'!AW6>=1,'(橫掃)RX Mapping'!AW6<=120), ('(橫掃)RX Mapping'!AW6-1),IF(AND('(橫掃)RX Mapping'!AW6>=121,'(橫掃)RX Mapping'!AW6<=240), (-1)*('(橫掃)RX Mapping'!AW6-240),IF(AND('(橫掃)RX Mapping'!AW6>=241,'(橫掃)RX Mapping'!AW6<=360), ('(橫掃)RX Mapping'!AW6-241),IF(AND('(橫掃)RX Mapping'!AW6>=361,'(橫掃)RX Mapping'!AW6<=480), (-1)*('(橫掃)RX Mapping'!AW6-480),IF(AND('(橫掃)RX Mapping'!AW6>=481,'(橫掃)RX Mapping'!AW6<=600), ('(橫掃)RX Mapping'!AW6-361),IF(AND('(橫掃)RX Mapping'!AW6>=601,'(橫掃)RX Mapping'!AW6<=720), (-1)*('(橫掃)RX Mapping'!AW6-720)+120,IF(AND('(橫掃)RX Mapping'!AW6>=721,'(橫掃)RX Mapping'!AW6<=840), ('(橫掃)RX Mapping'!AW6-601),IF(AND('(橫掃)RX Mapping'!AW6>=841,'(橫掃)RX Mapping'!AW6<=960), (-1)*('(橫掃)RX Mapping'!AW6-960)+120,9999)))))))) -> 9999 | AX6: =IF(AND('(橫掃)RX Mapping'!AX6>=1,'(橫掃)RX Mapping'!AX6<=120), ('(橫掃)RX Mapping'!AX6-1),IF(AND('(橫掃)RX Mapping'!AX6>=121,'(橫掃)RX Mapping'!AX6<=240), (-1)*('(橫掃)RX Mapping'!AX6-240),IF(AND('(橫掃)RX Mapping'!AX6>=241,'(橫掃)RX Mapping'!AX6<=360), ('(橫掃)RX Mapping'!AX6-241),IF(AND('(橫掃)RX Mapping'!AX6>=361,'(橫掃)RX Mapping'!AX6<=480), (-1)*('(橫掃)RX Mapping'!AX6-480),IF(AND('(橫掃)RX Mapping'!AX6>=481,'(橫掃)RX Mapping'!AX6<=600), ('(橫掃)RX Mapping'!AX6-361),IF(AND('(橫掃)RX Mapping'!AX6>=601,'(橫掃)RX Mapping'!AX6<=720), (-1)*('(橫掃)RX Mapping'!AX6-720)+120,IF(AND('(橫掃)RX Mapping'!AX6>=721,'(橫掃)RX Mapping'!AX6<=840), ('(橫掃)RX Mapping'!AX6-601),IF(AND('(橫掃)RX Mapping'!AX6>=841,'(橫掃)RX Mapping'!AX6<=960), (-1)*('(橫掃)RX Mapping'!AX6-960)+120,9999)))))))) -> 9999 | AY6: =IF(AND('(橫掃)RX Mapping'!AY6>=1,'(橫掃)RX Mapping'!AY6<=120), ('(橫掃)RX Mapping'!AY6-1),IF(AND('(橫掃)RX Mapping'!AY6>=121,'(橫掃)RX Mapping'!AY6<=240), (-1)*('(橫掃)RX Mapping'!AY6-240),IF(AND('(橫掃)RX Mapping'!AY6>=241,'(橫掃)RX Mapping'!AY6<=360), ('(橫掃)RX Mapping'!AY6-241),IF(AND('(橫掃)RX Mapping'!AY6>=361,'(橫掃)RX Mapping'!AY6<=480), (-1)*('(橫掃)RX Mapping'!AY6-480),IF(AND('(橫掃)RX Mapping'!AY6>=481,'(橫掃)RX Mapping'!AY6<=600), ('(橫掃)RX Mapping'!AY6-361),IF(AND('(橫掃)RX Mapping'!AY6>=601,'(橫掃)RX Mapping'!AY6<=720), (-1)*('(橫掃)RX Mapping'!AY6-720)+120,IF(AND('(橫掃)RX Mapping'!AY6>=721,'(橫掃)RX Mapping'!AY6<=840), ('(橫掃)RX Mapping'!AY6-601),IF(AND('(橫掃)RX Mapping'!AY6>=841,'(橫掃)RX Mapping'!AY6<=960), (-1)*('(橫掃)RX Mapping'!AY6-960)+120,9999)))))))) -> 9999 | AZ6: =IF(AND('(橫掃)RX Mapping'!AZ6>=1,'(橫掃)RX Mapping'!AZ6<=120), ('(橫掃)RX Mapping'!AZ6-1),IF(AND('(橫掃)RX Mapping'!AZ6>=121,'(橫掃)RX Mapping'!AZ6<=240), (-1)*('(橫掃)RX Mapping'!AZ6-240),IF(AND('(橫掃)RX Mapping'!AZ6>=241,'(橫掃)RX Mapping'!AZ6<=360), ('(橫掃)RX Mapping'!AZ6-241),IF(AND('(橫掃)RX Mapping'!AZ6>=361,'(橫掃)RX Mapping'!AZ6<=480), (-1)*('(橫掃)RX Mapping'!AZ6-480),IF(AND('(橫掃)RX Mapping'!AZ6>=481,'(橫掃)RX Mapping'!AZ6<=600), ('(橫掃)RX Mapping'!AZ6-361),IF(AND('(橫掃)RX Mapping'!AZ6>=601,'(橫掃)RX Mapping'!AZ6<=720), (-1)*('(橫掃)RX Mapping'!AZ6-720)+120,IF(AND('(橫掃)RX Mapping'!AZ6>=721,'(橫掃)RX Mapping'!AZ6<=840), ('(橫掃)RX Mapping'!AZ6-601),IF(AND('(橫掃)RX Mapping'!AZ6>=841,'(橫掃)RX Mapping'!AZ6<=960), (-1)*('(橫掃)RX Mapping'!AZ6-960)+120,9999)))))))) -> 9999 | BA6: =IF(AND('(橫掃)RX Mapping'!BA6>=1,'(橫掃)RX Mapping'!BA6<=120), ('(橫掃)RX Mapping'!BA6-1),IF(AND('(橫掃)RX Mapping'!BA6>=121,'(橫掃)RX Mapping'!BA6<=240), (-1)*('(橫掃)RX Mapping'!BA6-240),IF(AND('(橫掃)RX Mapping'!BA6>=241,'(橫掃)RX Mapping'!BA6<=360), ('(橫掃)RX Mapping'!BA6-241),IF(AND('(橫掃)RX Mapping'!BA6>=361,'(橫掃)RX Mapping'!BA6<=480), (-1)*('(橫掃)RX Mapping'!BA6-480),IF(AND('(橫掃)RX Mapping'!BA6>=481,'(橫掃)RX Mapping'!BA6<=600), ('(橫掃)RX Mapping'!BA6-361),IF(AND('(橫掃)RX Mapping'!BA6>=601,'(橫掃)RX Mapping'!BA6<=720), (-1)*('(橫掃)RX Mapping'!BA6-720)+120,IF(AND('(橫掃)RX Mapping'!BA6>=721,'(橫掃)RX Mapping'!BA6<=840), ('(橫掃)RX Mapping'!BA6-601),IF(AND('(橫掃)RX Mapping'!BA6>=841,'(橫掃)RX Mapping'!BA6<=960), (-1)*('(橫掃)RX Mapping'!BA6-960)+120,9999)))))))) -> 9999 | ... BI6: =IF(AND('(橫掃)RX Mapping'!BI6>=1,'(橫掃)RX Mapping'!BI6<=120), ('(橫掃)RX Mapping'!BI6-1),IF(AND('(橫掃)RX Mapping'!BI6>=121,'(橫掃)RX Mapping'!BI6<=240), (-1)*('(橫掃)RX Mapping'!BI6-240),IF(AND('(橫掃)RX Mapping'!BI6>=241,'(橫掃)RX Mapping'!BI6<=360), ('(橫掃)RX Mapping'!BI6-241),IF(AND('(橫掃)RX Mapping'!BI6>=361,'(橫掃)RX Mapping'!BI6<=480), (-1)*('(橫掃)RX Mapping'!BI6-480),IF(AND('(橫掃)RX Mapping'!BI6>=481,'(橫掃)RX Mapping'!BI6<=600), ('(橫掃)RX Mapping'!BI6-361),IF(AND('(橫掃)RX Mapping'!BI6>=601,'(橫掃)RX Mapping'!BI6<=720), (-1)*('(橫掃)RX Mapping'!BI6-720)+120,IF(AND('(橫掃)RX Mapping'!BI6>=721,'(橫掃)RX Mapping'!BI6<=840), ('(橫掃)RX Mapping'!BI6-601),IF(AND('(橫掃)RX Mapping'!BI6>=841,'(橫掃)RX Mapping'!BI6<=960), (-1)*('(橫掃)RX Mapping'!BI6-960)+120,9999)))))))) -> 9999
A7: 6 | B7: =IF( (AND('(直掃)RX Mapping'!B7>=0,'(直掃)RX Mapping'!B7<=480)), (MOD('(直掃)RX Mapping'!B7,120)-1), IF( (AND('(直掃)RX Mapping'!B7>=480,'(直掃)RX Mapping'!B7<=960)), IF(MOD('(直掃)RX Mapping'!B7,120)=0, 120, 240-MOD('(直掃)RX Mapping'!B7,120)),9999))+IF(AND(MOD('(直掃)RX Mapping'!B7,120)=0, '(直掃)RX Mapping'!B7 <= 480, '(直掃)RX Mapping'!B7 > 0), 120) -> 125 | C7: =IF( (AND('(直掃)RX Mapping'!C7>=0,'(直掃)RX Mapping'!C7<=480)), (MOD('(直掃)RX Mapping'!C7,120)-1), IF( (AND('(直掃)RX Mapping'!C7>=480,'(直掃)RX Mapping'!C7<=960)), IF(MOD('(直掃)RX Mapping'!C7,120)=0, 120, 240-MOD('(直掃)RX Mapping'!C7,120)),9999))+IF(AND(MOD('(直掃)RX Mapping'!C7,120)=0, '(直掃)RX Mapping'!C7 <= 480, '(直掃)RX Mapping'!C7 > 0), 120) -> 155 | D7: =IF( (AND('(直掃)RX Mapping'!D7>=0,'(直掃)RX Mapping'!D7<=480)), (MOD('(直掃)RX Mapping'!D7,120)-1), IF( (AND('(直掃)RX Mapping'!D7>=480,'(直掃)RX Mapping'!D7<=960)), IF(MOD('(直掃)RX Mapping'!D7,120)=0, 120, 240-MOD('(直掃)RX Mapping'!D7,120)),9999))+IF(AND(MOD('(直掃)RX Mapping'!D7,120)=0, '(直掃)RX Mapping'!D7 <= 480, '(直掃)RX Mapping'!D7 > 0), 120) -> 185 | E7: =IF( (AND('(直掃)RX Mapping'!E7>=0,'(直掃)RX Mapping'!E7<=480)), (MOD('(直掃)RX Mapping'!E7,120)-1), IF( (AND('(直掃)RX Mapping'!E7>=480,'(直掃)RX Mapping'!E7<=960)), IF(MOD('(直掃)RX Mapping'!E7,120)=0, 120, 240-MOD('(直掃)RX Mapping'!E7,120)),9999))+IF(AND(MOD('(直掃)RX Mapping'!E7,120)=0, '(直掃)RX Mapping'!E7 <= 480, '(直掃)RX Mapping'!E7 > 0), 120) -> 125 | F7: =IF( (AND('(直掃)RX Mapping'!F7>=0,'(直掃)RX Mapping'!F7<=480)), (MOD('(直掃)RX Mapping'!F7,120)-1), IF( (AND('(直掃)RX Mapping'!F7>=480,'(直掃)RX Mapping'!F7<=960)), IF(MOD('(直掃)RX Mapping'!F7,120)=0, 120, 240-MOD('(直掃)RX Mapping'!F7,120)),9999))+IF(AND(MOD('(直掃)RX Mapping'!F7,120)=0, '(直掃)RX Mapping'!F7 <= 480, '(直掃)RX Mapping'!F7 > 0), 120) -> 155 | G7: =IF( (AND('(直掃)RX Mapping'!G7>=0,'(直掃)RX Mapping'!G7<=480)), (MOD('(直掃)RX Mapping'!G7,120)-1), IF( (AND('(直掃)RX Mapping'!G7>=480,'(直掃)RX Mapping'!G7<=960)), IF(MOD('(直掃)RX Mapping'!G7,120)=0, 120, 240-MOD('(直掃)RX Mapping'!G7,120)),9999))+IF(AND(MOD('(直掃)RX Mapping'!G7,120)=0, '(直掃)RX Mapping'!G7 <= 480, '(直掃)RX Mapping'!G7 > 0), 120) -> 185 | H7: =IF( (AND('(直掃)RX Mapping'!H7>=0,'(直掃)RX Mapping'!H7<=480)), (MOD('(直掃)RX Mapping'!H7,120)-1), IF( (AND('(直掃)RX Mapping'!H7>=480,'(直掃)RX Mapping'!H7<=960)), IF(MOD('(直掃)RX Mapping'!H7,120)=0, 120, 240-MOD('(直掃)RX Mapping'!H7,120)),9999))+IF(AND(MOD('(直掃)RX Mapping'!H7,120)=0, '(直掃)RX Mapping'!H7 <= 480, '(直掃)RX Mapping'!H7 > 0), 120) -> 125 | I7: =IF( (AND('(直掃)RX Mapping'!I7>=0,'(直掃)RX Mapping'!I7<=480)), (MOD('(直掃)RX Mapping'!I7,120)-1), IF( (AND('(直掃)RX Mapping'!I7>=480,'(直掃)RX Mapping'!I7<=960)), IF(MOD('(直掃)RX Mapping'!I7,120)=0, 120, 240-MOD('(直掃)RX Mapping'!I7,120)),9999))+IF(AND(MOD('(直掃)RX Mapping'!I7,120)=0, '(直掃)RX Mapping'!I7 <= 480, '(直掃)RX Mapping'!I7 > 0), 120) -> 155 | ... AS7: =IF( (AND('(直掃)RX Mapping'!AS7>=0,'(直掃)RX Mapping'!AS7<=480)), (MOD('(直掃)RX Mapping'!AS7,120)-1), IF( (AND('(直掃)RX Mapping'!AS7>=480,'(直掃)RX Mapping'!AS7<=960)), IF(MOD('(直掃)RX Mapping'!AS7,120)=0, 120, 240-MOD('(直掃)RX Mapping'!AS7,120)),9999))+IF(AND(MOD('(直掃)RX Mapping'!AS7,120)=0, '(直掃)RX Mapping'!AS7 <= 480, '(直掃)RX Mapping'!AS7 > 0), 120) -> -1 | AT7: =IF(AND('(橫掃)RX Mapping'!AT7>=1,'(橫掃)RX Mapping'!AT7<=120), ('(橫掃)RX Mapping'!AT7-1),IF(AND('(橫掃)RX Mapping'!AT7>=121,'(橫掃)RX Mapping'!AT7<=240), (-1)*('(橫掃)RX Mapping'!AT7-240),IF(AND('(橫掃)RX Mapping'!AT7>=241,'(橫掃)RX Mapping'!AT7<=360), ('(橫掃)RX Mapping'!AT7-241),IF(AND('(橫掃)RX Mapping'!AT7>=361,'(橫掃)RX Mapping'!AT7<=480), (-1)*('(橫掃)RX Mapping'!AT7-480),IF(AND('(橫掃)RX Mapping'!AT7>=481,'(橫掃)RX Mapping'!AT7<=600), ('(橫掃)RX Mapping'!AT7-361),IF(AND('(橫掃)RX Mapping'!AT7>=601,'(橫掃)RX Mapping'!AT7<=720), (-1)*('(橫掃)RX Mapping'!AT7-720)+120,IF(AND('(橫掃)RX Mapping'!AT7>=721,'(橫掃)RX Mapping'!AT7<=840), ('(橫掃)RX Mapping'!AT7-601),IF(AND('(橫掃)RX Mapping'!AT7>=841,'(橫掃)RX Mapping'!AT7<=960), (-1)*('(橫掃)RX Mapping'!AT7-960)+120,9999)))))))) -> 9999 | AU7: =IF(AND('(橫掃)RX Mapping'!AU7>=1,'(橫掃)RX Mapping'!AU7<=120), ('(橫掃)RX Mapping'!AU7-1),IF(AND('(橫掃)RX Mapping'!AU7>=121,'(橫掃)RX Mapping'!AU7<=240), (-1)*('(橫掃)RX Mapping'!AU7-240),IF(AND('(橫掃)RX Mapping'!AU7>=241,'(橫掃)RX Mapping'!AU7<=360), ('(橫掃)RX Mapping'!AU7-241),IF(AND('(橫掃)RX Mapping'!AU7>=361,'(橫掃)RX Mapping'!AU7<=480), (-1)*('(橫掃)RX Mapping'!AU7-480),IF(AND('(橫掃)RX Mapping'!AU7>=481,'(橫掃)RX Mapping'!AU7<=600), ('(橫掃)RX Mapping'!AU7-361),IF(AND('(橫掃)RX Mapping'!AU7>=601,'(橫掃)RX Mapping'!AU7<=720), (-1)*('(橫掃)RX Mapping'!AU7-720)+120,IF(AND('(橫掃)RX Mapping'!AU7>=721,'(橫掃)RX Mapping'!AU7<=840), ('(橫掃)RX Mapping'!AU7-601),IF(AND('(橫掃)RX Mapping'!AU7>=841,'(橫掃)RX Mapping'!AU7<=960), (-1)*('(橫掃)RX Mapping'!AU7-960)+120,9999)))))))) -> 9999 | AV7: =IF(AND('(橫掃)RX Mapping'!AV7>=1,'(橫掃)RX Mapping'!AV7<=120), ('(橫掃)RX Mapping'!AV7-1),IF(AND('(橫掃)RX Mapping'!AV7>=121,'(橫掃)RX Mapping'!AV7<=240), (-1)*('(橫掃)RX Mapping'!AV7-240),IF(AND('(橫掃)RX Mapping'!AV7>=241,'(橫掃)RX Mapping'!AV7<=360), ('(橫掃)RX Mapping'!AV7-241),IF(AND('(橫掃)RX Mapping'!AV7>=361,'(橫掃)RX Mapping'!AV7<=480), (-1)*('(橫掃)RX Mapping'!AV7-480),IF(AND('(橫掃)RX Mapping'!AV7>=481,'(橫掃)RX Mapping'!AV7<=600), ('(橫掃)RX Mapping'!AV7-361),IF(AND('(橫掃)RX Mapping'!AV7>=601,'(橫掃)RX Mapping'!AV7<=720), (-1)*('(橫掃)RX Mapping'!AV7-720)+120,IF(AND('(橫掃)RX Mapping'!AV7>=721,'(橫掃)RX Mapping'!AV7<=840), ('(橫掃)RX Mapping'!AV7-601),IF(AND('(橫掃)RX Mapping'!AV7>=841,'(橫掃)RX Mapping'!AV7<=960), (-1)*('(橫掃)RX Mapping'!AV7-960)+120,9999)))))))) -> 9999 | AW7: =IF(AND('(橫掃)RX Mapping'!AW7>=1,'(橫掃)RX Mapping'!AW7<=120), ('(橫掃)RX Mapping'!AW7-1),IF(AND('(橫掃)RX Mapping'!AW7>=121,'(橫掃)RX Mapping'!AW7<=240), (-1)*('(橫掃)RX Mapping'!AW7-240),IF(AND('(橫掃)RX Mapping'!AW7>=241,'(橫掃)RX Mapping'!AW7<=360), ('(橫掃)RX Mapping'!AW7-241),IF(AND('(橫掃)RX Mapping'!AW7>=361,'(橫掃)RX Mapping'!AW7<=480), (-1)*('(橫掃)RX Mapping'!AW7-480),IF(AND('(橫掃)RX Mapping'!AW7>=481,'(橫掃)RX Mapping'!AW7<=600), ('(橫掃)RX Mapping'!AW7-361),IF(AND('(橫掃)RX Mapping'!AW7>=601,'(橫掃)RX Mapping'!AW7<=720), (-1)*('(橫掃)RX Mapping'!AW7-720)+120,IF(AND('(橫掃)RX Mapping'!AW7>=721,'(橫掃)RX Mapping'!AW7<=840), ('(橫掃)RX Mapping'!AW7-601),IF(AND('(橫掃)RX Mapping'!AW7>=841,'(橫掃)RX Mapping'!AW7<=960), (-1)*('(橫掃)RX Mapping'!AW7-960)+120,9999)))))))) -> 9999 | AX7: =IF(AND('(橫掃)RX Mapping'!AX7>=1,'(橫掃)RX Mapping'!AX7<=120), ('(橫掃)RX Mapping'!AX7-1),IF(AND('(橫掃)RX Mapping'!AX7>=121,'(橫掃)RX Mapping'!AX7<=240), (-1)*('(橫掃)RX Mapping'!AX7-240),IF(AND('(橫掃)RX Mapping'!AX7>=241,'(橫掃)RX Mapping'!AX7<=360), ('(橫掃)RX Mapping'!AX7-241),IF(AND('(橫掃)RX Mapping'!AX7>=361,'(橫掃)RX Mapping'!AX7<=480), (-1)*('(橫掃)RX Mapping'!AX7-480),IF(AND('(橫掃)RX Mapping'!AX7>=481,'(橫掃)RX Mapping'!AX7<=600), ('(橫掃)RX Mapping'!AX7-361),IF(AND('(橫掃)RX Mapping'!AX7>=601,'(橫掃)RX Mapping'!AX7<=720), (-1)*('(橫掃)RX Mapping'!AX7-720)+120,IF(AND('(橫掃)RX Mapping'!AX7>=721,'(橫掃)RX Mapping'!AX7<=840), ('(橫掃)RX Mapping'!AX7-601),IF(AND('(橫掃)RX Mapping'!AX7>=841,'(橫掃)RX Mapping'!AX7<=960), (-1)*('(橫掃)RX Mapping'!AX7-960)+120,9999)))))))) -> 9999 | AY7: =IF(AND('(橫掃)RX Mapping'!AY7>=1,'(橫掃)RX Mapping'!AY7<=120), ('(橫掃)RX Mapping'!AY7-1),IF(AND('(橫掃)RX Mapping'!AY7>=121,'(橫掃)RX Mapping'!AY7<=240), (-1)*('(橫掃)RX Mapping'!AY7-240),IF(AND('(橫掃)RX Mapping'!AY7>=241,'(橫掃)RX Mapping'!AY7<=360), ('(橫掃)RX Mapping'!AY7-241),IF(AND('(橫掃)RX Mapping'!AY7>=361,'(橫掃)RX Mapping'!AY7<=480), (-1)*('(橫掃)RX Mapping'!AY7-480),IF(AND('(橫掃)RX Mapping'!AY7>=481,'(橫掃)RX Mapping'!AY7<=600), ('(橫掃)RX Mapping'!AY7-361),IF(AND('(橫掃)RX Mapping'!AY7>=601,'(橫掃)RX Mapping'!AY7<=720), (-1)*('(橫掃)RX Mapping'!AY7-720)+120,IF(AND('(橫掃)RX Mapping'!AY7>=721,'(橫掃)RX Mapping'!AY7<=840), ('(橫掃)RX Mapping'!AY7-601),IF(AND('(橫掃)RX Mapping'!AY7>=841,'(橫掃)RX Mapping'!AY7<=960), (-1)*('(橫掃)RX Mapping'!AY7-960)+120,9999)))))))) -> 9999 | AZ7: =IF(AND('(橫掃)RX Mapping'!AZ7>=1,'(橫掃)RX Mapping'!AZ7<=120), ('(橫掃)RX Mapping'!AZ7-1),IF(AND('(橫掃)RX Mapping'!AZ7>=121,'(橫掃)RX Mapping'!AZ7<=240), (-1)*('(橫掃)RX Mapping'!AZ7-240),IF(AND('(橫掃)RX Mapping'!AZ7>=241,'(橫掃)RX Mapping'!AZ7<=360), ('(橫掃)RX Mapping'!AZ7-241),IF(AND('(橫掃)RX Mapping'!AZ7>=361,'(橫掃)RX Mapping'!AZ7<=480), (-1)*('(橫掃)RX Mapping'!AZ7-480),IF(AND('(橫掃)RX Mapping'!AZ7>=481,'(橫掃)RX Mapping'!AZ7<=600), ('(橫掃)RX Mapping'!AZ7-361),IF(AND('(橫掃)RX Mapping'!AZ7>=601,'(橫掃)RX Mapping'!AZ7<=720), (-1)*('(橫掃)RX Mapping'!AZ7-720)+120,IF(AND('(橫掃)RX Mapping'!AZ7>=721,'(橫掃)RX Mapping'!AZ7<=840), ('(橫掃)RX Mapping'!AZ7-601),IF(AND('(橫掃)RX Mapping'!AZ7>=841,'(橫掃)RX Mapping'!AZ7<=960), (-1)*('(橫掃)RX Mapping'!AZ7-960)+120,9999)))))))) -> 9999 | BA7: =IF(AND('(橫掃)RX Mapping'!BA7>=1,'(橫掃)RX Mapping'!BA7<=120), ('(橫掃)RX Mapping'!BA7-1),IF(AND('(橫掃)RX Mapping'!BA7>=121,'(橫掃)RX Mapping'!BA7<=240), (-1)*('(橫掃)RX Mapping'!BA7-240),IF(AND('(橫掃)RX Mapping'!BA7>=241,'(橫掃)RX Mapping'!BA7<=360), ('(橫掃)RX Mapping'!BA7-241),IF(AND('(橫掃)RX Mapping'!BA7>=361,'(橫掃)RX Mapping'!BA7<=480), (-1)*('(橫掃)RX Mapping'!BA7-480),IF(AND('(橫掃)RX Mapping'!BA7>=481,'(橫掃)RX Mapping'!BA7<=600), ('(橫掃)RX Mapping'!BA7-361),IF(AND('(橫掃)RX Mapping'!BA7>=601,'(橫掃)RX Mapping'!BA7<=720), (-1)*('(橫掃)RX Mapping'!BA7-720)+120,IF(AND('(橫掃)RX Mapping'!BA7>=721,'(橫掃)RX Mapping'!BA7<=840), ('(橫掃)RX Mapping'!BA7-601),IF(AND('(橫掃)RX Mapping'!BA7>=841,'(橫掃)RX Mapping'!BA7<=960), (-1)*('(橫掃)RX Mapping'!BA7-960)+120,9999)))))))) -> 9999 | ... BI7: =IF(AND('(橫掃)RX Mapping'!BI7>=1,'(橫掃)RX Mapping'!BI7<=120), ('(橫掃)RX Mapping'!BI7-1),IF(AND('(橫掃)RX Mapping'!BI7>=121,'(橫掃)RX Mapping'!BI7<=240), (-1)*('(橫掃)RX Mapping'!BI7-240),IF(AND('(橫掃)RX Mapping'!BI7>=241,'(橫掃)RX Mapping'!BI7<=360), ('(橫掃)RX Mapping'!BI7-241),IF(AND('(橫掃)RX Mapping'!BI7>=361,'(橫掃)RX Mapping'!BI7<=480), (-1)*('(橫掃)RX Mapping'!BI7-480),IF(AND('(橫掃)RX Mapping'!BI7>=481,'(橫掃)RX Mapping'!BI7<=600), ('(橫掃)RX Mapping'!BI7-361),IF(AND('(橫掃)RX Mapping'!BI7>=601,'(橫掃)RX Mapping'!BI7<=720), (-1)*('(橫掃)RX Mapping'!BI7-720)+120,IF(AND('(橫掃)RX Mapping'!BI7>=721,'(橫掃)RX Mapping'!BI7<=840), ('(橫掃)RX Mapping'!BI7-601),IF(AND('(橫掃)RX Mapping'!BI7>=841,'(橫掃)RX Mapping'!BI7<=960), (-1)*('(橫掃)RX Mapping'!BI7-960)+120,9999)))))))) -> 9999
A8: 7 | B8: =IF( (AND('(直掃)RX Mapping'!B8>=0,'(直掃)RX Mapping'!B8<=480)), (MOD('(直掃)RX Mapping'!B8,120)-1), IF( (AND('(直掃)RX Mapping'!B8>=480,'(直掃)RX Mapping'!B8<=960)), IF(MOD('(直掃)RX Mapping'!B8,120)=0, 120, 240-MOD('(直掃)RX Mapping'!B8,120)),9999))+IF(AND(MOD('(直掃)RX Mapping'!B8,120)=0, '(直掃)RX Mapping'!B8 <= 480, '(直掃)RX Mapping'!B8 > 0), 120) -> 126 | C8: =IF( (AND('(直掃)RX Mapping'!C8>=0,'(直掃)RX Mapping'!C8<=480)), (MOD('(直掃)RX Mapping'!C8,120)-1), IF( (AND('(直掃)RX Mapping'!C8>=480,'(直掃)RX Mapping'!C8<=960)), IF(MOD('(直掃)RX Mapping'!C8,120)=0, 120, 240-MOD('(直掃)RX Mapping'!C8,120)),9999))+IF(AND(MOD('(直掃)RX Mapping'!C8,120)=0, '(直掃)RX Mapping'!C8 <= 480, '(直掃)RX Mapping'!C8 > 0), 120) -> 156 | D8: =IF( (AND('(直掃)RX Mapping'!D8>=0,'(直掃)RX Mapping'!D8<=480)), (MOD('(直掃)RX Mapping'!D8,120)-1), IF( (AND('(直掃)RX Mapping'!D8>=480,'(直掃)RX Mapping'!D8<=960)), IF(MOD('(直掃)RX Mapping'!D8,120)=0, 120, 240-MOD('(直掃)RX Mapping'!D8,120)),9999))+IF(AND(MOD('(直掃)RX Mapping'!D8,120)=0, '(直掃)RX Mapping'!D8 <= 480, '(直掃)RX Mapping'!D8 > 0), 120) -> 186 | E8: =IF( (AND('(直掃)RX Mapping'!E8>=0,'(直掃)RX Mapping'!E8<=480)), (MOD('(直掃)RX Mapping'!E8,120)-1), IF( (AND('(直掃)RX Mapping'!E8>=480,'(直掃)RX Mapping'!E8<=960)), IF(MOD('(直掃)RX Mapping'!E8,120)=0, 120, 240-MOD('(直掃)RX Mapping'!E8,120)),9999))+IF(AND(MOD('(直掃)RX Mapping'!E8,120)=0, '(直掃)RX Mapping'!E8 <= 480, '(直掃)RX Mapping'!E8 > 0), 120) -> 126 | F8: =IF( (AND('(直掃)RX Mapping'!F8>=0,'(直掃)RX Mapping'!F8<=480)), (MOD('(直掃)RX Mapping'!F8,120)-1), IF( (AND('(直掃)RX Mapping'!F8>=480,'(直掃)RX Mapping'!F8<=960)), IF(MOD('(直掃)RX Mapping'!F8,120)=0, 120, 240-MOD('(直掃)RX Mapping'!F8,120)),9999))+IF(AND(MOD('(直掃)RX Mapping'!F8,120)=0, '(直掃)RX Mapping'!F8 <= 480, '(直掃)RX Mapping'!F8 > 0), 120) -> 156 | G8: =IF( (AND('(直掃)RX Mapping'!G8>=0,'(直掃)RX Mapping'!G8<=480)), (MOD('(直掃)RX Mapping'!G8,120)-1), IF( (AND('(直掃)RX Mapping'!G8>=480,'(直掃)RX Mapping'!G8<=960)), IF(MOD('(直掃)RX Mapping'!G8,120)=0, 120, 240-MOD('(直掃)RX Mapping'!G8,120)),9999))+IF(AND(MOD('(直掃)RX Mapping'!G8,120)=0, '(直掃)RX Mapping'!G8 <= 480, '(直掃)RX Mapping'!G8 > 0), 120) -> 186 | H8: =IF( (AND('(直掃)RX Mapping'!H8>=0,'(直掃)RX Mapping'!H8<=480)), (MOD('(直掃)RX Mapping'!H8,120)-1), IF( (AND('(直掃)RX Mapping'!H8>=480,'(直掃)RX Mapping'!H8<=960)), IF(MOD('(直掃)RX Mapping'!H8,120)=0, 120, 240-MOD('(直掃)RX Mapping'!H8,120)),9999))+IF(AND(MOD('(直掃)RX Mapping'!H8,120)=0, '(直掃)RX Mapping'!H8 <= 480, '(直掃)RX Mapping'!H8 > 0), 120) -> 126 | I8: =IF( (AND('(直掃)RX Mapping'!I8>=0,'(直掃)RX Mapping'!I8<=480)), (MOD('(直掃)RX Mapping'!I8,120)-1), IF( (AND('(直掃)RX Mapping'!I8>=480,'(直掃)RX Mapping'!I8<=960)), IF(MOD('(直掃)RX Mapping'!I8,120)=0, 120, 240-MOD('(直掃)RX Mapping'!I8,120)),9999))+IF(AND(MOD('(直掃)RX Mapping'!I8,120)=0, '(直掃)RX Mapping'!I8 <= 480, '(直掃)RX Mapping'!I8 > 0), 120) -> 156 | ... AS8: =IF( (AND('(直掃)RX Mapping'!AS8>=0,'(直掃)RX Mapping'!AS8<=480)), (MOD('(直掃)RX Mapping'!AS8,120)-1), IF( (AND('(直掃)RX Mapping'!AS8>=480,'(直掃)RX Mapping'!AS8<=960)), IF(MOD('(直掃)RX Mapping'!AS8,120)=0, 120, 240-MOD('(直掃)RX Mapping'!AS8,120)),9999))+IF(AND(MOD('(直掃)RX Mapping'!AS8,120)=0, '(直掃)RX Mapping'!AS8 <= 480, '(直掃)RX Mapping'!AS8 > 0), 120) -> -1 | AT8: =IF(AND('(橫掃)RX Mapping'!AT8>=1,'(橫掃)RX Mapping'!AT8<=120), ('(橫掃)RX Mapping'!AT8-1),IF(AND('(橫掃)RX Mapping'!AT8>=121,'(橫掃)RX Mapping'!AT8<=240), (-1)*('(橫掃)RX Mapping'!AT8-240),IF(AND('(橫掃)RX Mapping'!AT8>=241,'(橫掃)RX Mapping'!AT8<=360), ('(橫掃)RX Mapping'!AT8-241),IF(AND('(橫掃)RX Mapping'!AT8>=361,'(橫掃)RX Mapping'!AT8<=480), (-1)*('(橫掃)RX Mapping'!AT8-480),IF(AND('(橫掃)RX Mapping'!AT8>=481,'(橫掃)RX Mapping'!AT8<=600), ('(橫掃)RX Mapping'!AT8-361),IF(AND('(橫掃)RX Mapping'!AT8>=601,'(橫掃)RX Mapping'!AT8<=720), (-1)*('(橫掃)RX Mapping'!AT8-720)+120,IF(AND('(橫掃)RX Mapping'!AT8>=721,'(橫掃)RX Mapping'!AT8<=840), ('(橫掃)RX Mapping'!AT8-601),IF(AND('(橫掃)RX Mapping'!AT8>=841,'(橫掃)RX Mapping'!AT8<=960), (-1)*('(橫掃)RX Mapping'!AT8-960)+120,9999)))))))) -> 9999 | AU8: =IF(AND('(橫掃)RX Mapping'!AU8>=1,'(橫掃)RX Mapping'!AU8<=120), ('(橫掃)RX Mapping'!AU8-1),IF(AND('(橫掃)RX Mapping'!AU8>=121,'(橫掃)RX Mapping'!AU8<=240), (-1)*('(橫掃)RX Mapping'!AU8-240),IF(AND('(橫掃)RX Mapping'!AU8>=241,'(橫掃)RX Mapping'!AU8<=360), ('(橫掃)RX Mapping'!AU8-241),IF(AND('(橫掃)RX Mapping'!AU8>=361,'(橫掃)RX Mapping'!AU8<=480), (-1)*('(橫掃)RX Mapping'!AU8-480),IF(AND('(橫掃)RX Mapping'!AU8>=481,'(橫掃)RX Mapping'!AU8<=600), ('(橫掃)RX Mapping'!AU8-361),IF(AND('(橫掃)RX Mapping'!AU8>=601,'(橫掃)RX Mapping'!AU8<=720), (-1)*('(橫掃)RX Mapping'!AU8-720)+120,IF(AND('(橫掃)RX Mapping'!AU8>=721,'(橫掃)RX Mapping'!AU8<=840), ('(橫掃)RX Mapping'!AU8-601),IF(AND('(橫掃)RX Mapping'!AU8>=841,'(橫掃)RX Mapping'!AU8<=960), (-1)*('(橫掃)RX Mapping'!AU8-960)+120,9999)))))))) -> 9999 | AV8: =IF(AND('(橫掃)RX Mapping'!AV8>=1,'(橫掃)RX Mapping'!AV8<=120), ('(橫掃)RX Mapping'!AV8-1),IF(AND('(橫掃)RX Mapping'!AV8>=121,'(橫掃)RX Mapping'!AV8<=240), (-1)*('(橫掃)RX Mapping'!AV8-240),IF(AND('(橫掃)RX Mapping'!AV8>=241,'(橫掃)RX Mapping'!AV8<=360), ('(橫掃)RX Mapping'!AV8-241),IF(AND('(橫掃)RX Mapping'!AV8>=361,'(橫掃)RX Mapping'!AV8<=480), (-1)*('(橫掃)RX Mapping'!AV8-480),IF(AND('(橫掃)RX Mapping'!AV8>=481,'(橫掃)RX Mapping'!AV8<=600), ('(橫掃)RX Mapping'!AV8-361),IF(AND('(橫掃)RX Mapping'!AV8>=601,'(橫掃)RX Mapping'!AV8<=720), (-1)*('(橫掃)RX Mapping'!AV8-720)+120,IF(AND('(橫掃)RX Mapping'!AV8>=721,'(橫掃)RX Mapping'!AV8<=840), ('(橫掃)RX Mapping'!AV8-601),IF(AND('(橫掃)RX Mapping'!AV8>=841,'(橫掃)RX Mapping'!AV8<=960), (-1)*('(橫掃)RX Mapping'!AV8-960)+120,9999)))))))) -> 9999 | AW8: =IF(AND('(橫掃)RX Mapping'!AW8>=1,'(橫掃)RX Mapping'!AW8<=120), ('(橫掃)RX Mapping'!AW8-1),IF(AND('(橫掃)RX Mapping'!AW8>=121,'(橫掃)RX Mapping'!AW8<=240), (-1)*('(橫掃)RX Mapping'!AW8-240),IF(AND('(橫掃)RX Mapping'!AW8>=241,'(橫掃)RX Mapping'!AW8<=360), ('(橫掃)RX Mapping'!AW8-241),IF(AND('(橫掃)RX Mapping'!AW8>=361,'(橫掃)RX Mapping'!AW8<=480), (-1)*('(橫掃)RX Mapping'!AW8-480),IF(AND('(橫掃)RX Mapping'!AW8>=481,'(橫掃)RX Mapping'!AW8<=600), ('(橫掃)RX Mapping'!AW8-361),IF(AND('(橫掃)RX Mapping'!AW8>=601,'(橫掃)RX Mapping'!AW8<=720), (-1)*('(橫掃)RX Mapping'!AW8-720)+120,IF(AND('(橫掃)RX Mapping'!AW8>=721,'(橫掃)RX Mapping'!AW8<=840), ('(橫掃)RX Mapping'!AW8-601),IF(AND('(橫掃)RX Mapping'!AW8>=841,'(橫掃)RX Mapping'!AW8<=960), (-1)*('(橫掃)RX Mapping'!AW8-960)+120,9999)))))))) -> 9999 | AX8: =IF(AND('(橫掃)RX Mapping'!AX8>=1,'(橫掃)RX Mapping'!AX8<=120), ('(橫掃)RX Mapping'!AX8-1),IF(AND('(橫掃)RX Mapping'!AX8>=121,'(橫掃)RX Mapping'!AX8<=240), (-1)*('(橫掃)RX Mapping'!AX8-240),IF(AND('(橫掃)RX Mapping'!AX8>=241,'(橫掃)RX Mapping'!AX8<=360), ('(橫掃)RX Mapping'!AX8-241),IF(AND('(橫掃)RX Mapping'!AX8>=361,'(橫掃)RX Mapping'!AX8<=480), (-1)*('(橫掃)RX Mapping'!AX8-480),IF(AND('(橫掃)RX Mapping'!AX8>=481,'(橫掃)RX Mapping'!AX8<=600), ('(橫掃)RX Mapping'!AX8-361),IF(AND('(橫掃)RX Mapping'!AX8>=601,'(橫掃)RX Mapping'!AX8<=720), (-1)*('(橫掃)RX Mapping'!AX8-720)+120,IF(AND('(橫掃)RX Mapping'!AX8>=721,'(橫掃)RX Mapping'!AX8<=840), ('(橫掃)RX Mapping'!AX8-601),IF(AND('(橫掃)RX Mapping'!AX8>=841,'(橫掃)RX Mapping'!AX8<=960), (-1)*('(橫掃)RX Mapping'!AX8-960)+120,9999)))))))) -> 9999 | AY8: =IF(AND('(橫掃)RX Mapping'!AY8>=1,'(橫掃)RX Mapping'!AY8<=120), ('(橫掃)RX Mapping'!AY8-1),IF(AND('(橫掃)RX Mapping'!AY8>=121,'(橫掃)RX Mapping'!AY8<=240), (-1)*('(橫掃)RX Mapping'!AY8-240),IF(AND('(橫掃)RX Mapping'!AY8>=241,'(橫掃)RX Mapping'!AY8<=360), ('(橫掃)RX Mapping'!AY8-241),IF(AND('(橫掃)RX Mapping'!AY8>=361,'(橫掃)RX Mapping'!AY8<=480), (-1)*('(橫掃)RX Mapping'!AY8-480),IF(AND('(橫掃)RX Mapping'!AY8>=481,'(橫掃)RX Mapping'!AY8<=600), ('(橫掃)RX Mapping'!AY8-361),IF(AND('(橫掃)RX Mapping'!AY8>=601,'(橫掃)RX Mapping'!AY8<=720), (-1)*('(橫掃)RX Mapping'!AY8-720)+120,IF(AND('(橫掃)RX Mapping'!AY8>=721,'(橫掃)RX Mapping'!AY8<=840), ('(橫掃)RX Mapping'!AY8-601),IF(AND('(橫掃)RX Mapping'!AY8>=841,'(橫掃)RX Mapping'!AY8<=960), (-1)*('(橫掃)RX Mapping'!AY8-960)+120,9999)))))))) -> 9999 | AZ8: =IF(AND('(橫掃)RX Mapping'!AZ8>=1,'(橫掃)RX Mapping'!AZ8<=120), ('(橫掃)RX Mapping'!AZ8-1),IF(AND('(橫掃)RX Mapping'!AZ8>=121,'(橫掃)RX Mapping'!AZ8<=240), (-1)*('(橫掃)RX Mapping'!AZ8-240),IF(AND('(橫掃)RX Mapping'!AZ8>=241,'(橫掃)RX Mapping'!AZ8<=360), ('(橫掃)RX Mapping'!AZ8-241),IF(AND('(橫掃)RX Mapping'!AZ8>=361,'(橫掃)RX Mapping'!AZ8<=480), (-1)*('(橫掃)RX Mapping'!AZ8-480),IF(AND('(橫掃)RX Mapping'!AZ8>=481,'(橫掃)RX Mapping'!AZ8<=600), ('(橫掃)RX Mapping'!AZ8-361),IF(AND('(橫掃)RX Mapping'!AZ8>=601,'(橫掃)RX Mapping'!AZ8<=720), (-1)*('(橫掃)RX Mapping'!AZ8-720)+120,IF(AND('(橫掃)RX Mapping'!AZ8>=721,'(橫掃)RX Mapping'!AZ8<=840), ('(橫掃)RX Mapping'!AZ8-601),IF(AND('(橫掃)RX Mapping'!AZ8>=841,'(橫掃)RX Mapping'!AZ8<=960), (-1)*('(橫掃)RX Mapping'!AZ8-960)+120,9999)))))))) -> 9999 | BA8: =IF(AND('(橫掃)RX Mapping'!BA8>=1,'(橫掃)RX Mapping'!BA8<=120), ('(橫掃)RX Mapping'!BA8-1),IF(AND('(橫掃)RX Mapping'!BA8>=121,'(橫掃)RX Mapping'!BA8<=240), (-1)*('(橫掃)RX Mapping'!BA8-240),IF(AND('(橫掃)RX Mapping'!BA8>=241,'(橫掃)RX Mapping'!BA8<=360), ('(橫掃)RX Mapping'!BA8-241),IF(AND('(橫掃)RX Mapping'!BA8>=361,'(橫掃)RX Mapping'!BA8<=480), (-1)*('(橫掃)RX Mapping'!BA8-480),IF(AND('(橫掃)RX Mapping'!BA8>=481,'(橫掃)RX Mapping'!BA8<=600), ('(橫掃)RX Mapping'!BA8-361),IF(AND('(橫掃)RX Mapping'!BA8>=601,'(橫掃)RX Mapping'!BA8<=720), (-1)*('(橫掃)RX Mapping'!BA8-720)+120,IF(AND('(橫掃)RX Mapping'!BA8>=721,'(橫掃)RX Mapping'!BA8<=840), ('(橫掃)RX Mapping'!BA8-601),IF(AND('(橫掃)RX Mapping'!BA8>=841,'(橫掃)RX Mapping'!BA8<=960), (-1)*('(橫掃)RX Mapping'!BA8-960)+120,9999)))))))) -> 9999 | ... BI8: =IF(AND('(橫掃)RX Mapping'!BI8>=1,'(橫掃)RX Mapping'!BI8<=120), ('(橫掃)RX Mapping'!BI8-1),IF(AND('(橫掃)RX Mapping'!BI8>=121,'(橫掃)RX Mapping'!BI8<=240), (-1)*('(橫掃)RX Mapping'!BI8-240),IF(AND('(橫掃)RX Mapping'!BI8>=241,'(橫掃)RX Mapping'!BI8<=360), ('(橫掃)RX Mapping'!BI8-241),IF(AND('(橫掃)RX Mapping'!BI8>=361,'(橫掃)RX Mapping'!BI8<=480), (-1)*('(橫掃)RX Mapping'!BI8-480),IF(AND('(橫掃)RX Mapping'!BI8>=481,'(橫掃)RX Mapping'!BI8<=600), ('(橫掃)RX Mapping'!BI8-361),IF(AND('(橫掃)RX Mapping'!BI8>=601,'(橫掃)RX Mapping'!BI8<=720), (-1)*('(橫掃)RX Mapping'!BI8-720)+120,IF(AND('(橫掃)RX Mapping'!BI8>=721,'(橫掃)RX Mapping'!BI8<=840), ('(橫掃)RX Mapping'!BI8-601),IF(AND('(橫掃)RX Mapping'!BI8>=841,'(橫掃)RX Mapping'!BI8<=960), (-1)*('(橫掃)RX Mapping'!BI8-960)+120,9999)))))))) -> 9999
A9: 8 | B9: =IF( (AND('(直掃)RX Mapping'!B9>=0,'(直掃)RX Mapping'!B9<=480)), (MOD('(直掃)RX Mapping'!B9,120)-1), IF( (AND('(直掃)RX Mapping'!B9>=480,'(直掃)RX Mapping'!B9<=960)), IF(MOD('(直掃)RX Mapping'!B9,120)=0, 120, 240-MOD('(直掃)RX Mapping'!B9,120)),9999))+IF(AND(MOD('(直掃)RX Mapping'!B9,120)=0, '(直掃)RX Mapping'!B9 <= 480, '(直掃)RX Mapping'!B9 > 0), 120) -> 127 | C9: =IF( (AND('(直掃)RX Mapping'!C9>=0,'(直掃)RX Mapping'!C9<=480)), (MOD('(直掃)RX Mapping'!C9,120)-1), IF( (AND('(直掃)RX Mapping'!C9>=480,'(直掃)RX Mapping'!C9<=960)), IF(MOD('(直掃)RX Mapping'!C9,120)=0, 120, 240-MOD('(直掃)RX Mapping'!C9,120)),9999))+IF(AND(MOD('(直掃)RX Mapping'!C9,120)=0, '(直掃)RX Mapping'!C9 <= 480, '(直掃)RX Mapping'!C9 > 0), 120) -> 157 | D9: =IF( (AND('(直掃)RX Mapping'!D9>=0,'(直掃)RX Mapping'!D9<=480)), (MOD('(直掃)RX Mapping'!D9,120)-1), IF( (AND('(直掃)RX Mapping'!D9>=480,'(直掃)RX Mapping'!D9<=960)), IF(MOD('(直掃)RX Mapping'!D9,120)=0, 120, 240-MOD('(直掃)RX Mapping'!D9,120)),9999))+IF(AND(MOD('(直掃)RX Mapping'!D9,120)=0, '(直掃)RX Mapping'!D9 <= 480, '(直掃)RX Mapping'!D9 > 0), 120) -> 187 | E9: =IF( (AND('(直掃)RX Mapping'!E9>=0,'(直掃)RX Mapping'!E9<=480)), (MOD('(直掃)RX Mapping'!E9,120)-1), IF( (AND('(直掃)RX Mapping'!E9>=480,'(直掃)RX Mapping'!E9<=960)), IF(MOD('(直掃)RX Mapping'!E9,120)=0, 120, 240-MOD('(直掃)RX Mapping'!E9,120)),9999))+IF(AND(MOD('(直掃)RX Mapping'!E9,120)=0, '(直掃)RX Mapping'!E9 <= 480, '(直掃)RX Mapping'!E9 > 0), 120) -> 127 | F9: =IF( (AND('(直掃)RX Mapping'!F9>=0,'(直掃)RX Mapping'!F9<=480)), (MOD('(直掃)RX Mapping'!F9,120)-1), IF( (AND('(直掃)RX Mapping'!F9>=480,'(直掃)RX Mapping'!F9<=960)), IF(MOD('(直掃)RX Mapping'!F9,120)=0, 120, 240-MOD('(直掃)RX Mapping'!F9,120)),9999))+IF(AND(MOD('(直掃)RX Mapping'!F9,120)=0, '(直掃)RX Mapping'!F9 <= 480, '(直掃)RX Mapping'!F9 > 0), 120) -> 157 | G9: =IF( (AND('(直掃)RX Mapping'!G9>=0,'(直掃)RX Mapping'!G9<=480)), (MOD('(直掃)RX Mapping'!G9,120)-1), IF( (AND('(直掃)RX Mapping'!G9>=480,'(直掃)RX Mapping'!G9<=960)), IF(MOD('(直掃)RX Mapping'!G9,120)=0, 120, 240-MOD('(直掃)RX Mapping'!G9,120)),9999))+IF(AND(MOD('(直掃)RX Mapping'!G9,120)=0, '(直掃)RX Mapping'!G9 <= 480, '(直掃)RX Mapping'!G9 > 0), 120) -> 187 | H9: =IF( (AND('(直掃)RX Mapping'!H9>=0,'(直掃)RX Mapping'!H9<=480)), (MOD('(直掃)RX Mapping'!H9,120)-1), IF( (AND('(直掃)RX Mapping'!H9>=480,'(直掃)RX Mapping'!H9<=960)), IF(MOD('(直掃)RX Mapping'!H9,120)=0, 120, 240-MOD('(直掃)RX Mapping'!H9,120)),9999))+IF(AND(MOD('(直掃)RX Mapping'!H9,120)=0, '(直掃)RX Mapping'!H9 <= 480, '(直掃)RX Mapping'!H9 > 0), 120) -> 127 | I9: =IF( (AND('(直掃)RX Mapping'!I9>=0,'(直掃)RX Mapping'!I9<=480)), (MOD('(直掃)RX Mapping'!I9,120)-1), IF( (AND('(直掃)RX Mapping'!I9>=480,'(直掃)RX Mapping'!I9<=960)), IF(MOD('(直掃)RX Mapping'!I9,120)=0, 120, 240-MOD('(直掃)RX Mapping'!I9,120)),9999))+IF(AND(MOD('(直掃)RX Mapping'!I9,120)=0, '(直掃)RX Mapping'!I9 <= 480, '(直掃)RX Mapping'!I9 > 0), 120) -> 157 | ... AS9: =IF( (AND('(直掃)RX Mapping'!AS9>=0,'(直掃)RX Mapping'!AS9<=480)), (MOD('(直掃)RX Mapping'!AS9,120)-1), IF( (AND('(直掃)RX Mapping'!AS9>=480,'(直掃)RX Mapping'!AS9<=960)), IF(MOD('(直掃)RX Mapping'!AS9,120)=0, 120, 240-MOD('(直掃)RX Mapping'!AS9,120)),9999))+IF(AND(MOD('(直掃)RX Mapping'!AS9,120)=0, '(直掃)RX Mapping'!AS9 <= 480, '(直掃)RX Mapping'!AS9 > 0), 120) -> -1 | AT9: =IF(AND('(橫掃)RX Mapping'!AT9>=1,'(橫掃)RX Mapping'!AT9<=120), ('(橫掃)RX Mapping'!AT9-1),IF(AND('(橫掃)RX Mapping'!AT9>=121,'(橫掃)RX Mapping'!AT9<=240), (-1)*('(橫掃)RX Mapping'!AT9-240),IF(AND('(橫掃)RX Mapping'!AT9>=241,'(橫掃)RX Mapping'!AT9<=360), ('(橫掃)RX Mapping'!AT9-241),IF(AND('(橫掃)RX Mapping'!AT9>=361,'(橫掃)RX Mapping'!AT9<=480), (-1)*('(橫掃)RX Mapping'!AT9-480),IF(AND('(橫掃)RX Mapping'!AT9>=481,'(橫掃)RX Mapping'!AT9<=600), ('(橫掃)RX Mapping'!AT9-361),IF(AND('(橫掃)RX Mapping'!AT9>=601,'(橫掃)RX Mapping'!AT9<=720), (-1)*('(橫掃)RX Mapping'!AT9-720)+120,IF(AND('(橫掃)RX Mapping'!AT9>=721,'(橫掃)RX Mapping'!AT9<=840), ('(橫掃)RX Mapping'!AT9-601),IF(AND('(橫掃)RX Mapping'!AT9>=841,'(橫掃)RX Mapping'!AT9<=960), (-1)*('(橫掃)RX Mapping'!AT9-960)+120,9999)))))))) -> 9999 | AU9: =IF(AND('(橫掃)RX Mapping'!AU9>=1,'(橫掃)RX Mapping'!AU9<=120), ('(橫掃)RX Mapping'!AU9-1),IF(AND('(橫掃)RX Mapping'!AU9>=121,'(橫掃)RX Mapping'!AU9<=240), (-1)*('(橫掃)RX Mapping'!AU9-240),IF(AND('(橫掃)RX Mapping'!AU9>=241,'(橫掃)RX Mapping'!AU9<=360), ('(橫掃)RX Mapping'!AU9-241),IF(AND('(橫掃)RX Mapping'!AU9>=361,'(橫掃)RX Mapping'!AU9<=480), (-1)*('(橫掃)RX Mapping'!AU9-480),IF(AND('(橫掃)RX Mapping'!AU9>=481,'(橫掃)RX Mapping'!AU9<=600), ('(橫掃)RX Mapping'!AU9-361),IF(AND('(橫掃)RX Mapping'!AU9>=601,'(橫掃)RX Mapping'!AU9<=720), (-1)*('(橫掃)RX Mapping'!AU9-720)+120,IF(AND('(橫掃)RX Mapping'!AU9>=721,'(橫掃)RX Mapping'!AU9<=840), ('(橫掃)RX Mapping'!AU9-601),IF(AND('(橫掃)RX Mapping'!AU9>=841,'(橫掃)RX Mapping'!AU9<=960), (-1)*('(橫掃)RX Mapping'!AU9-960)+120,9999)))))))) -> 9999 | AV9: =IF(AND('(橫掃)RX Mapping'!AV9>=1,'(橫掃)RX Mapping'!AV9<=120), ('(橫掃)RX Mapping'!AV9-1),IF(AND('(橫掃)RX Mapping'!AV9>=121,'(橫掃)RX Mapping'!AV9<=240), (-1)*('(橫掃)RX Mapping'!AV9-240),IF(AND('(橫掃)RX Mapping'!AV9>=241,'(橫掃)RX Mapping'!AV9<=360), ('(橫掃)RX Mapping'!AV9-241),IF(AND('(橫掃)RX Mapping'!AV9>=361,'(橫掃)RX Mapping'!AV9<=480), (-1)*('(橫掃)RX Mapping'!AV9-480),IF(AND('(橫掃)RX Mapping'!AV9>=481,'(橫掃)RX Mapping'!AV9<=600), ('(橫掃)RX Mapping'!AV9-361),IF(AND('(橫掃)RX Mapping'!AV9>=601,'(橫掃)RX Mapping'!AV9<=720), (-1)*('(橫掃)RX Mapping'!AV9-720)+120,IF(AND('(橫掃)RX Mapping'!AV9>=721,'(橫掃)RX Mapping'!AV9<=840), ('(橫掃)RX Mapping'!AV9-601),IF(AND('(橫掃)RX Mapping'!AV9>=841,'(橫掃)RX Mapping'!AV9<=960), (-1)*('(橫掃)RX Mapping'!AV9-960)+120,9999)))))))) -> 9999 | AW9: =IF(AND('(橫掃)RX Mapping'!AW9>=1,'(橫掃)RX Mapping'!AW9<=120), ('(橫掃)RX Mapping'!AW9-1),IF(AND('(橫掃)RX Mapping'!AW9>=121,'(橫掃)RX Mapping'!AW9<=240), (-1)*('(橫掃)RX Mapping'!AW9-240),IF(AND('(橫掃)RX Mapping'!AW9>=241,'(橫掃)RX Mapping'!AW9<=360), ('(橫掃)RX Mapping'!AW9-241),IF(AND('(橫掃)RX Mapping'!AW9>=361,'(橫掃)RX Mapping'!AW9<=480), (-1)*('(橫掃)RX Mapping'!AW9-480),IF(AND('(橫掃)RX Mapping'!AW9>=481,'(橫掃)RX Mapping'!AW9<=600), ('(橫掃)RX Mapping'!AW9-361),IF(AND('(橫掃)RX Mapping'!AW9>=601,'(橫掃)RX Mapping'!AW9<=720), (-1)*('(橫掃)RX Mapping'!AW9-720)+120,IF(AND('(橫掃)RX Mapping'!AW9>=721,'(橫掃)RX Mapping'!AW9<=840), ('(橫掃)RX Mapping'!AW9-601),IF(AND('(橫掃)RX Mapping'!AW9>=841,'(橫掃)RX Mapping'!AW9<=960), (-1)*('(橫掃)RX Mapping'!AW9-960)+120,9999)))))))) -> 9999 | AX9: =IF(AND('(橫掃)RX Mapping'!AX9>=1,'(橫掃)RX Mapping'!AX9<=120), ('(橫掃)RX Mapping'!AX9-1),IF(AND('(橫掃)RX Mapping'!AX9>=121,'(橫掃)RX Mapping'!AX9<=240), (-1)*('(橫掃)RX Mapping'!AX9-240),IF(AND('(橫掃)RX Mapping'!AX9>=241,'(橫掃)RX Mapping'!AX9<=360), ('(橫掃)RX Mapping'!AX9-241),IF(AND('(橫掃)RX Mapping'!AX9>=361,'(橫掃)RX Mapping'!AX9<=480), (-1)*('(橫掃)RX Mapping'!AX9-480),IF(AND('(橫掃)RX Mapping'!AX9>=481,'(橫掃)RX Mapping'!AX9<=600), ('(橫掃)RX Mapping'!AX9-361),IF(AND('(橫掃)RX Mapping'!AX9>=601,'(橫掃)RX Mapping'!AX9<=720), (-1)*('(橫掃)RX Mapping'!AX9-720)+120,IF(AND('(橫掃)RX Mapping'!AX9>=721,'(橫掃)RX Mapping'!AX9<=840), ('(橫掃)RX Mapping'!AX9-601),IF(AND('(橫掃)RX Mapping'!AX9>=841,'(橫掃)RX Mapping'!AX9<=960), (-1)*('(橫掃)RX Mapping'!AX9-960)+120,9999)))))))) -> 9999 | AY9: =IF(AND('(橫掃)RX Mapping'!AY9>=1,'(橫掃)RX Mapping'!AY9<=120), ('(橫掃)RX Mapping'!AY9-1),IF(AND('(橫掃)RX Mapping'!AY9>=121,'(橫掃)RX Mapping'!AY9<=240), (-1)*('(橫掃)RX Mapping'!AY9-240),IF(AND('(橫掃)RX Mapping'!AY9>=241,'(橫掃)RX Mapping'!AY9<=360), ('(橫掃)RX Mapping'!AY9-241),IF(AND('(橫掃)RX Mapping'!AY9>=361,'(橫掃)RX Mapping'!AY9<=480), (-1)*('(橫掃)RX Mapping'!AY9-480),IF(AND('(橫掃)RX Mapping'!AY9>=481,'(橫掃)RX Mapping'!AY9<=600), ('(橫掃)RX Mapping'!AY9-361),IF(AND('(橫掃)RX Mapping'!AY9>=601,'(橫掃)RX Mapping'!AY9<=720), (-1)*('(橫掃)RX Mapping'!AY9-720)+120,IF(AND('(橫掃)RX Mapping'!AY9>=721,'(橫掃)RX Mapping'!AY9<=840), ('(橫掃)RX Mapping'!AY9-601),IF(AND('(橫掃)RX Mapping'!AY9>=841,'(橫掃)RX Mapping'!AY9<=960), (-1)*('(橫掃)RX Mapping'!AY9-960)+120,9999)))))))) -> 9999 | AZ9: =IF(AND('(橫掃)RX Mapping'!AZ9>=1,'(橫掃)RX Mapping'!AZ9<=120), ('(橫掃)RX Mapping'!AZ9-1),IF(AND('(橫掃)RX Mapping'!AZ9>=121,'(橫掃)RX Mapping'!AZ9<=240), (-1)*('(橫掃)RX Mapping'!AZ9-240),IF(AND('(橫掃)RX Mapping'!AZ9>=241,'(橫掃)RX Mapping'!AZ9<=360), ('(橫掃)RX Mapping'!AZ9-241),IF(AND('(橫掃)RX Mapping'!AZ9>=361,'(橫掃)RX Mapping'!AZ9<=480), (-1)*('(橫掃)RX Mapping'!AZ9-480),IF(AND('(橫掃)RX Mapping'!AZ9>=481,'(橫掃)RX Mapping'!AZ9<=600), ('(橫掃)RX Mapping'!AZ9-361),IF(AND('(橫掃)RX Mapping'!AZ9>=601,'(橫掃)RX Mapping'!AZ9<=720), (-1)*('(橫掃)RX Mapping'!AZ9-720)+120,IF(AND('(橫掃)RX Mapping'!AZ9>=721,'(橫掃)RX Mapping'!AZ9<=840), ('(橫掃)RX Mapping'!AZ9-601),IF(AND('(橫掃)RX Mapping'!AZ9>=841,'(橫掃)RX Mapping'!AZ9<=960), (-1)*('(橫掃)RX Mapping'!AZ9-960)+120,9999)))))))) -> 9999 | BA9: =IF(AND('(橫掃)RX Mapping'!BA9>=1,'(橫掃)RX Mapping'!BA9<=120), ('(橫掃)RX Mapping'!BA9-1),IF(AND('(橫掃)RX Mapping'!BA9>=121,'(橫掃)RX Mapping'!BA9<=240), (-1)*('(橫掃)RX Mapping'!BA9-240),IF(AND('(橫掃)RX Mapping'!BA9>=241,'(橫掃)RX Mapping'!BA9<=360), ('(橫掃)RX Mapping'!BA9-241),IF(AND('(橫掃)RX Mapping'!BA9>=361,'(橫掃)RX Mapping'!BA9<=480), (-1)*('(橫掃)RX Mapping'!BA9-480),IF(AND('(橫掃)RX Mapping'!BA9>=481,'(橫掃)RX Mapping'!BA9<=600), ('(橫掃)RX Mapping'!BA9-361),IF(AND('(橫掃)RX Mapping'!BA9>=601,'(橫掃)RX Mapping'!BA9<=720), (-1)*('(橫掃)RX Mapping'!BA9-720)+120,IF(AND('(橫掃)RX Mapping'!BA9>=721,'(橫掃)RX Mapping'!BA9<=840), ('(橫掃)RX Mapping'!BA9-601),IF(AND('(橫掃)RX Mapping'!BA9>=841,'(橫掃)RX Mapping'!BA9<=960), (-1)*('(橫掃)RX Mapping'!BA9-960)+120,9999)))))))) -> 9999 | ... BI9: =IF(AND('(橫掃)RX Mapping'!BI9>=1,'(橫掃)RX Mapping'!BI9<=120), ('(橫掃)RX Mapping'!BI9-1),IF(AND('(橫掃)RX Mapping'!BI9>=121,'(橫掃)RX Mapping'!BI9<=240), (-1)*('(橫掃)RX Mapping'!BI9-240),IF(AND('(橫掃)RX Mapping'!BI9>=241,'(橫掃)RX Mapping'!BI9<=360), ('(橫掃)RX Mapping'!BI9-241),IF(AND('(橫掃)RX Mapping'!BI9>=361,'(橫掃)RX Mapping'!BI9<=480), (-1)*('(橫掃)RX Mapping'!BI9-480),IF(AND('(橫掃)RX Mapping'!BI9>=481,'(橫掃)RX Mapping'!BI9<=600), ('(橫掃)RX Mapping'!BI9-361),IF(AND('(橫掃)RX Mapping'!BI9>=601,'(橫掃)RX Mapping'!BI9<=720), (-1)*('(橫掃)RX Mapping'!BI9-720)+120,IF(AND('(橫掃)RX Mapping'!BI9>=721,'(橫掃)RX Mapping'!BI9<=840), ('(橫掃)RX Mapping'!BI9-601),IF(AND('(橫掃)RX Mapping'!BI9>=841,'(橫掃)RX Mapping'!BI9<=960), (-1)*('(橫掃)RX Mapping'!BI9-960)+120,9999)))))))) -> 9999
A10: 9 | B10: =IF( (AND('(直掃)RX Mapping'!B10>=0,'(直掃)RX Mapping'!B10<=480)), (MOD('(直掃)RX Mapping'!B10,120)-1), IF( (AND('(直掃)RX Mapping'!B10>=480,'(直掃)RX Mapping'!B10<=960)), IF(MOD('(直掃)RX Mapping'!B10,120)=0, 120, 240-MOD('(直掃)RX Mapping'!B10,120)),9999))+IF(AND(MOD('(直掃)RX Mapping'!B10,120)=0, '(直掃)RX Mapping'!B10 <= 480, '(直掃)RX Mapping'!B10 > 0), 120) -> 128 | C10: =IF( (AND('(直掃)RX Mapping'!C10>=0,'(直掃)RX Mapping'!C10<=480)), (MOD('(直掃)RX Mapping'!C10,120)-1), IF( (AND('(直掃)RX Mapping'!C10>=480,'(直掃)RX Mapping'!C10<=960)), IF(MOD('(直掃)RX Mapping'!C10,120)=0, 120, 240-MOD('(直掃)RX Mapping'!C10,120)),9999))+IF(AND(MOD('(直掃)RX Mapping'!C10,120)=0, '(直掃)RX Mapping'!C10 <= 480, '(直掃)RX Mapping'!C10 > 0), 120) -> 158 | D10: =IF( (AND('(直掃)RX Mapping'!D10>=0,'(直掃)RX Mapping'!D10<=480)), (MOD('(直掃)RX Mapping'!D10,120)-1), IF( (AND('(直掃)RX Mapping'!D10>=480,'(直掃)RX Mapping'!D10<=960)), IF(MOD('(直掃)RX Mapping'!D10,120)=0, 120, 240-MOD('(直掃)RX Mapping'!D10,120)),9999))+IF(AND(MOD('(直掃)RX Mapping'!D10,120)=0, '(直掃)RX Mapping'!D10 <= 480, '(直掃)RX Mapping'!D10 > 0), 120) -> 188 | E10: =IF( (AND('(直掃)RX Mapping'!E10>=0,'(直掃)RX Mapping'!E10<=480)), (MOD('(直掃)RX Mapping'!E10,120)-1), IF( (AND('(直掃)RX Mapping'!E10>=480,'(直掃)RX Mapping'!E10<=960)), IF(MOD('(直掃)RX Mapping'!E10,120)=0, 120, 240-MOD('(直掃)RX Mapping'!E10,120)),9999))+IF(AND(MOD('(直掃)RX Mapping'!E10,120)=0, '(直掃)RX Mapping'!E10 <= 480, '(直掃)RX Mapping'!E10 > 0), 120) -> 128 | F10: =IF( (AND('(直掃)RX Mapping'!F10>=0,'(直掃)RX Mapping'!F10<=480)), (MOD('(直掃)RX Mapping'!F10,120)-1), IF( (AND('(直掃)RX Mapping'!F10>=480,'(直掃)RX Mapping'!F10<=960)), IF(MOD('(直掃)RX Mapping'!F10,120)=0, 120, 240-MOD('(直掃)RX Mapping'!F10,120)),9999))+IF(AND(MOD('(直掃)RX Mapping'!F10,120)=0, '(直掃)RX Mapping'!F10 <= 480, '(直掃)RX Mapping'!F10 > 0), 120) -> 158 | G10: =IF( (AND('(直掃)RX Mapping'!G10>=0,'(直掃)RX Mapping'!G10<=480)), (MOD('(直掃)RX Mapping'!G10,120)-1), IF( (AND('(直掃)RX Mapping'!G10>=480,'(直掃)RX Mapping'!G10<=960)), IF(MOD('(直掃)RX Mapping'!G10,120)=0, 120, 240-MOD('(直掃)RX Mapping'!G10,120)),9999))+IF(AND(MOD('(直掃)RX Mapping'!G10,120)=0, '(直掃)RX Mapping'!G10 <= 480, '(直掃)RX Mapping'!G10 > 0), 120) -> 188 | H10: =IF( (AND('(直掃)RX Mapping'!H10>=0,'(直掃)RX Mapping'!H10<=480)), (MOD('(直掃)RX Mapping'!H10,120)-1), IF( (AND('(直掃)RX Mapping'!H10>=480,'(直掃)RX Mapping'!H10<=960)), IF(MOD('(直掃)RX Mapping'!H10,120)=0, 120, 240-MOD('(直掃)RX Mapping'!H10,120)),9999))+IF(AND(MOD('(直掃)RX Mapping'!H10,120)=0, '(直掃)RX Mapping'!H10 <= 480, '(直掃)RX Mapping'!H10 > 0), 120) -> 128 | I10: =IF( (AND('(直掃)RX Mapping'!I10>=0,'(直掃)RX Mapping'!I10<=480)), (MOD('(直掃)RX Mapping'!I10,120)-1), IF( (AND('(直掃)RX Mapping'!I10>=480,'(直掃)RX Mapping'!I10<=960)), IF(MOD('(直掃)RX Mapping'!I10,120)=0, 120, 240-MOD('(直掃)RX Mapping'!I10,120)),9999))+IF(AND(MOD('(直掃)RX Mapping'!I10,120)=0, '(直掃)RX Mapping'!I10 <= 480, '(直掃)RX Mapping'!I10 > 0), 120) -> 158 | ... AS10: =IF( (AND('(直掃)RX Mapping'!AS10>=0,'(直掃)RX Mapping'!AS10<=480)), (MOD('(直掃)RX Mapping'!AS10,120)-1), IF( (AND('(直掃)RX Mapping'!AS10>=480,'(直掃)RX Mapping'!AS10<=960)), IF(MOD('(直掃)RX Mapping'!AS10,120)=0, 120, 240-MOD('(直掃)RX Mapping'!AS10,120)),9999))+IF(AND(MOD('(直掃)RX Mapping'!AS10,120)=0, '(直掃)RX Mapping'!AS10 <= 480, '(直掃)RX Mapping'!AS10 > 0), 120) -> -1 | AT10: =IF(AND('(橫掃)RX Mapping'!AT10>=1,'(橫掃)RX Mapping'!AT10<=120), ('(橫掃)RX Mapping'!AT10-1),IF(AND('(橫掃)RX Mapping'!AT10>=121,'(橫掃)RX Mapping'!AT10<=240), (-1)*('(橫掃)RX Mapping'!AT10-240),IF(AND('(橫掃)RX Mapping'!AT10>=241,'(橫掃)RX Mapping'!AT10<=360), ('(橫掃)RX Mapping'!AT10-241),IF(AND('(橫掃)RX Mapping'!AT10>=361,'(橫掃)RX Mapping'!AT10<=480), (-1)*('(橫掃)RX Mapping'!AT10-480),IF(AND('(橫掃)RX Mapping'!AT10>=481,'(橫掃)RX Mapping'!AT10<=600), ('(橫掃)RX Mapping'!AT10-361),IF(AND('(橫掃)RX Mapping'!AT10>=601,'(橫掃)RX Mapping'!AT10<=720), (-1)*('(橫掃)RX Mapping'!AT10-720)+120,IF(AND('(橫掃)RX Mapping'!AT10>=721,'(橫掃)RX Mapping'!AT10<=840), ('(橫掃)RX Mapping'!AT10-601),IF(AND('(橫掃)RX Mapping'!AT10>=841,'(橫掃)RX Mapping'!AT10<=960), (-1)*('(橫掃)RX Mapping'!AT10-960)+120,9999)))))))) -> 9999 | AU10: =IF(AND('(橫掃)RX Mapping'!AU10>=1,'(橫掃)RX Mapping'!AU10<=120), ('(橫掃)RX Mapping'!AU10-1),IF(AND('(橫掃)RX Mapping'!AU10>=121,'(橫掃)RX Mapping'!AU10<=240), (-1)*('(橫掃)RX Mapping'!AU10-240),IF(AND('(橫掃)RX Mapping'!AU10>=241,'(橫掃)RX Mapping'!AU10<=360), ('(橫掃)RX Mapping'!AU10-241),IF(AND('(橫掃)RX Mapping'!AU10>=361,'(橫掃)RX Mapping'!AU10<=480), (-1)*('(橫掃)RX Mapping'!AU10-480),IF(AND('(橫掃)RX Mapping'!AU10>=481,'(橫掃)RX Mapping'!AU10<=600), ('(橫掃)RX Mapping'!AU10-361),IF(AND('(橫掃)RX Mapping'!AU10>=601,'(橫掃)RX Mapping'!AU10<=720), (-1)*('(橫掃)RX Mapping'!AU10-720)+120,IF(AND('(橫掃)RX Mapping'!AU10>=721,'(橫掃)RX Mapping'!AU10<=840), ('(橫掃)RX Mapping'!AU10-601),IF(AND('(橫掃)RX Mapping'!AU10>=841,'(橫掃)RX Mapping'!AU10<=960), (-1)*('(橫掃)RX Mapping'!AU10-960)+120,9999)))))))) -> 9999 | AV10: =IF(AND('(橫掃)RX Mapping'!AV10>=1,'(橫掃)RX Mapping'!AV10<=120), ('(橫掃)RX Mapping'!AV10-1),IF(AND('(橫掃)RX Mapping'!AV10>=121,'(橫掃)RX Mapping'!AV10<=240), (-1)*('(橫掃)RX Mapping'!AV10-240),IF(AND('(橫掃)RX Mapping'!AV10>=241,'(橫掃)RX Mapping'!AV10<=360), ('(橫掃)RX Mapping'!AV10-241),IF(AND('(橫掃)RX Mapping'!AV10>=361,'(橫掃)RX Mapping'!AV10<=480), (-1)*('(橫掃)RX Mapping'!AV10-480),IF(AND('(橫掃)RX Mapping'!AV10>=481,'(橫掃)RX Mapping'!AV10<=600), ('(橫掃)RX Mapping'!AV10-361),IF(AND('(橫掃)RX Mapping'!AV10>=601,'(橫掃)RX Mapping'!AV10<=720), (-1)*('(橫掃)RX Mapping'!AV10-720)+120,IF(AND('(橫掃)RX Mapping'!AV10>=721,'(橫掃)RX Mapping'!AV10<=840), ('(橫掃)RX Mapping'!AV10-601),IF(AND('(橫掃)RX Mapping'!AV10>=841,'(橫掃)RX Mapping'!AV10<=960), (-1)*('(橫掃)RX Mapping'!AV10-960)+120,9999)))))))) -> 9999 | AW10: =IF(AND('(橫掃)RX Mapping'!AW10>=1,'(橫掃)RX Mapping'!AW10<=120), ('(橫掃)RX Mapping'!AW10-1),IF(AND('(橫掃)RX Mapping'!AW10>=121,'(橫掃)RX Mapping'!AW10<=240), (-1)*('(橫掃)RX Mapping'!AW10-240),IF(AND('(橫掃)RX Mapping'!AW10>=241,'(橫掃)RX Mapping'!AW10<=360), ('(橫掃)RX Mapping'!AW10-241),IF(AND('(橫掃)RX Mapping'!AW10>=361,'(橫掃)RX Mapping'!AW10<=480), (-1)*('(橫掃)RX Mapping'!AW10-480),IF(AND('(橫掃)RX Mapping'!AW10>=481,'(橫掃)RX Mapping'!AW10<=600), ('(橫掃)RX Mapping'!AW10-361),IF(AND('(橫掃)RX Mapping'!AW10>=601,'(橫掃)RX Mapping'!AW10<=720), (-1)*('(橫掃)RX Mapping'!AW10-720)+120,IF(AND('(橫掃)RX Mapping'!AW10>=721,'(橫掃)RX Mapping'!AW10<=840), ('(橫掃)RX Mapping'!AW10-601),IF(AND('(橫掃)RX Mapping'!AW10>=841,'(橫掃)RX Mapping'!AW10<=960), (-1)*('(橫掃)RX Mapping'!AW10-960)+120,9999)))))))) -> 9999 | AX10: =IF(AND('(橫掃)RX Mapping'!AX10>=1,'(橫掃)RX Mapping'!AX10<=120), ('(橫掃)RX Mapping'!AX10-1),IF(AND('(橫掃)RX Mapping'!AX10>=121,'(橫掃)RX Mapping'!AX10<=240), (-1)*('(橫掃)RX Mapping'!AX10-240),IF(AND('(橫掃)RX Mapping'!AX10>=241,'(橫掃)RX Mapping'!AX10<=360), ('(橫掃)RX Mapping'!AX10-241),IF(AND('(橫掃)RX Mapping'!AX10>=361,'(橫掃)RX Mapping'!AX10<=480), (-1)*('(橫掃)RX Mapping'!AX10-480),IF(AND('(橫掃)RX Mapping'!AX10>=481,'(橫掃)RX Mapping'!AX10<=600), ('(橫掃)RX Mapping'!AX10-361),IF(AND('(橫掃)RX Mapping'!AX10>=601,'(橫掃)RX Mapping'!AX10<=720), (-1)*('(橫掃)RX Mapping'!AX10-720)+120,IF(AND('(橫掃)RX Mapping'!AX10>=721,'(橫掃)RX Mapping'!AX10<=840), ('(橫掃)RX Mapping'!AX10-601),IF(AND('(橫掃)RX Mapping'!AX10>=841,'(橫掃)RX Mapping'!AX10<=960), (-1)*('(橫掃)RX Mapping'!AX10-960)+120,9999)))))))) -> 9999 | AY10: =IF(AND('(橫掃)RX Mapping'!AY10>=1,'(橫掃)RX Mapping'!AY10<=120), ('(橫掃)RX Mapping'!AY10-1),IF(AND('(橫掃)RX Mapping'!AY10>=121,'(橫掃)RX Mapping'!AY10<=240), (-1)*('(橫掃)RX Mapping'!AY10-240),IF(AND('(橫掃)RX Mapping'!AY10>=241,'(橫掃)RX Mapping'!AY10<=360), ('(橫掃)RX Mapping'!AY10-241),IF(AND('(橫掃)RX Mapping'!AY10>=361,'(橫掃)RX Mapping'!AY10<=480), (-1)*('(橫掃)RX Mapping'!AY10-480),IF(AND('(橫掃)RX Mapping'!AY10>=481,'(橫掃)RX Mapping'!AY10<=600), ('(橫掃)RX Mapping'!AY10-361),IF(AND('(橫掃)RX Mapping'!AY10>=601,'(橫掃)RX Mapping'!AY10<=720), (-1)*('(橫掃)RX Mapping'!AY10-720)+120,IF(AND('(橫掃)RX Mapping'!AY10>=721,'(橫掃)RX Mapping'!AY10<=840), ('(橫掃)RX Mapping'!AY10-601),IF(AND('(橫掃)RX Mapping'!AY10>=841,'(橫掃)RX Mapping'!AY10<=960), (-1)*('(橫掃)RX Mapping'!AY10-960)+120,9999)))))))) -> 9999 | AZ10: =IF(AND('(橫掃)RX Mapping'!AZ10>=1,'(橫掃)RX Mapping'!AZ10<=120), ('(橫掃)RX Mapping'!AZ10-1),IF(AND('(橫掃)RX Mapping'!AZ10>=121,'(橫掃)RX Mapping'!AZ10<=240), (-1)*('(橫掃)RX Mapping'!AZ10-240),IF(AND('(橫掃)RX Mapping'!AZ10>=241,'(橫掃)RX Mapping'!AZ10<=360), ('(橫掃)RX Mapping'!AZ10-241),IF(AND('(橫掃)RX Mapping'!AZ10>=361,'(橫掃)RX Mapping'!AZ10<=480), (-1)*('(橫掃)RX Mapping'!AZ10-480),IF(AND('(橫掃)RX Mapping'!AZ10>=481,'(橫掃)RX Mapping'!AZ10<=600), ('(橫掃)RX Mapping'!AZ10-361),IF(AND('(橫掃)RX Mapping'!AZ10>=601,'(橫掃)RX Mapping'!AZ10<=720), (-1)*('(橫掃)RX Mapping'!AZ10-720)+120,IF(AND('(橫掃)RX Mapping'!AZ10>=721,'(橫掃)RX Mapping'!AZ10<=840), ('(橫掃)RX Mapping'!AZ10-601),IF(AND('(橫掃)RX Mapping'!AZ10>=841,'(橫掃)RX Mapping'!AZ10<=960), (-1)*('(橫掃)RX Mapping'!AZ10-960)+120,9999)))))))) -> 9999 | BA10: =IF(AND('(橫掃)RX Mapping'!BA10>=1,'(橫掃)RX Mapping'!BA10<=120), ('(橫掃)RX Mapping'!BA10-1),IF(AND('(橫掃)RX Mapping'!BA10>=121,'(橫掃)RX Mapping'!BA10<=240), (-1)*('(橫掃)RX Mapping'!BA10-240),IF(AND('(橫掃)RX Mapping'!BA10>=241,'(橫掃)RX Mapping'!BA10<=360), ('(橫掃)RX Mapping'!BA10-241),IF(AND('(橫掃)RX Mapping'!BA10>=361,'(橫掃)RX Mapping'!BA10<=480), (-1)*('(橫掃)RX Mapping'!BA10-480),IF(AND('(橫掃)RX Mapping'!BA10>=481,'(橫掃)RX Mapping'!BA10<=600), ('(橫掃)RX Mapping'!BA10-361),IF(AND('(橫掃)RX Mapping'!BA10>=601,'(橫掃)RX Mapping'!BA10<=720), (-1)*('(橫掃)RX Mapping'!BA10-720)+120,IF(AND('(橫掃)RX Mapping'!BA10>=721,'(橫掃)RX Mapping'!BA10<=840), ('(橫掃)RX Mapping'!BA10-601),IF(AND('(橫掃)RX Mapping'!BA10>=841,'(橫掃)RX Mapping'!BA10<=960), (-1)*('(橫掃)RX Mapping'!BA10-960)+120,9999)))))))) -> 9999 | ... BI10: =IF(AND('(橫掃)RX Mapping'!BI10>=1,'(橫掃)RX Mapping'!BI10<=120), ('(橫掃)RX Mapping'!BI10-1),IF(AND('(橫掃)RX Mapping'!BI10>=121,'(橫掃)RX Mapping'!BI10<=240), (-1)*('(橫掃)RX Mapping'!BI10-240),IF(AND('(橫掃)RX Mapping'!BI10>=241,'(橫掃)RX Mapping'!BI10<=360), ('(橫掃)RX Mapping'!BI10-241),IF(AND('(橫掃)RX Mapping'!BI10>=361,'(橫掃)RX Mapping'!BI10<=480), (-1)*('(橫掃)RX Mapping'!BI10-480),IF(AND('(橫掃)RX Mapping'!BI10>=481,'(橫掃)RX Mapping'!BI10<=600), ('(橫掃)RX Mapping'!BI10-361),IF(AND('(橫掃)RX Mapping'!BI10>=601,'(橫掃)RX Mapping'!BI10<=720), (-1)*('(橫掃)RX Mapping'!BI10-720)+120,IF(AND('(橫掃)RX Mapping'!BI10>=721,'(橫掃)RX Mapping'!BI10<=840), ('(橫掃)RX Mapping'!BI10-601),IF(AND('(橫掃)RX Mapping'!BI10>=841,'(橫掃)RX Mapping'!BI10<=960), (-1)*('(橫掃)RX Mapping'!BI10-960)+120,9999)))))))) -> 9999
A11: 10 | B11: =IF( (AND('(直掃)RX Mapping'!B11>=0,'(直掃)RX Mapping'!B11<=480)), (MOD('(直掃)RX Mapping'!B11,120)-1), IF( (AND('(直掃)RX Mapping'!B11>=480,'(直掃)RX Mapping'!B11<=960)), IF(MOD('(直掃)RX Mapping'!B11,120)=0, 120, 240-MOD('(直掃)RX Mapping'!B11,120)),9999))+IF(AND(MOD('(直掃)RX Mapping'!B11,120)=0, '(直掃)RX Mapping'!B11 <= 480, '(直掃)RX Mapping'!B11 > 0), 120) -> 129 | C11: =IF( (AND('(直掃)RX Mapping'!C11>=0,'(直掃)RX Mapping'!C11<=480)), (MOD('(直掃)RX Mapping'!C11,120)-1), IF( (AND('(直掃)RX Mapping'!C11>=480,'(直掃)RX Mapping'!C11<=960)), IF(MOD('(直掃)RX Mapping'!C11,120)=0, 120, 240-MOD('(直掃)RX Mapping'!C11,120)),9999))+IF(AND(MOD('(直掃)RX Mapping'!C11,120)=0, '(直掃)RX Mapping'!C11 <= 480, '(直掃)RX Mapping'!C11 > 0), 120) -> 159 | D11: =IF( (AND('(直掃)RX Mapping'!D11>=0,'(直掃)RX Mapping'!D11<=480)), (MOD('(直掃)RX Mapping'!D11,120)-1), IF( (AND('(直掃)RX Mapping'!D11>=480,'(直掃)RX Mapping'!D11<=960)), IF(MOD('(直掃)RX Mapping'!D11,120)=0, 120, 240-MOD('(直掃)RX Mapping'!D11,120)),9999))+IF(AND(MOD('(直掃)RX Mapping'!D11,120)=0, '(直掃)RX Mapping'!D11 <= 480, '(直掃)RX Mapping'!D11 > 0), 120) -> 189 | E11: =IF( (AND('(直掃)RX Mapping'!E11>=0,'(直掃)RX Mapping'!E11<=480)), (MOD('(直掃)RX Mapping'!E11,120)-1), IF( (AND('(直掃)RX Mapping'!E11>=480,'(直掃)RX Mapping'!E11<=960)), IF(MOD('(直掃)RX Mapping'!E11,120)=0, 120, 240-MOD('(直掃)RX Mapping'!E11,120)),9999))+IF(AND(MOD('(直掃)RX Mapping'!E11,120)=0, '(直掃)RX Mapping'!E11 <= 480, '(直掃)RX Mapping'!E11 > 0), 120) -> 129 | F11: =IF( (AND('(直掃)RX Mapping'!F11>=0,'(直掃)RX Mapping'!F11<=480)), (MOD('(直掃)RX Mapping'!F11,120)-1), IF( (AND('(直掃)RX Mapping'!F11>=480,'(直掃)RX Mapping'!F11<=960)), IF(MOD('(直掃)RX Mapping'!F11,120)=0, 120, 240-MOD('(直掃)RX Mapping'!F11,120)),9999))+IF(AND(MOD('(直掃)RX Mapping'!F11,120)=0, '(直掃)RX Mapping'!F11 <= 480, '(直掃)RX Mapping'!F11 > 0), 120) -> 159 | G11: =IF( (AND('(直掃)RX Mapping'!G11>=0,'(直掃)RX Mapping'!G11<=480)), (MOD('(直掃)RX Mapping'!G11,120)-1), IF( (AND('(直掃)RX Mapping'!G11>=480,'(直掃)RX Mapping'!G11<=960)), IF(MOD('(直掃)RX Mapping'!G11,120)=0, 120, 240-MOD('(直掃)RX Mapping'!G11,120)),9999))+IF(AND(MOD('(直掃)RX Mapping'!G11,120)=0, '(直掃)RX Mapping'!G11 <= 480, '(直掃)RX Mapping'!G11 > 0), 120) -> 189 | H11: =IF( (AND('(直掃)RX Mapping'!H11>=0,'(直掃)RX Mapping'!H11<=480)), (MOD('(直掃)RX Mapping'!H11,120)-1), IF( (AND('(直掃)RX Mapping'!H11>=480,'(直掃)RX Mapping'!H11<=960)), IF(MOD('(直掃)RX Mapping'!H11,120)=0, 120, 240-MOD('(直掃)RX Mapping'!H11,120)),9999))+IF(AND(MOD('(直掃)RX Mapping'!H11,120)=0, '(直掃)RX Mapping'!H11 <= 480, '(直掃)RX Mapping'!H11 > 0), 120) -> 129 | I11: =IF( (AND('(直掃)RX Mapping'!I11>=0,'(直掃)RX Mapping'!I11<=480)), (MOD('(直掃)RX Mapping'!I11,120)-1), IF( (AND('(直掃)RX Mapping'!I11>=480,'(直掃)RX Mapping'!I11<=960)), IF(MOD('(直掃)RX Mapping'!I11,120)=0, 120, 240-MOD('(直掃)RX Mapping'!I11,120)),9999))+IF(AND(MOD('(直掃)RX Mapping'!I11,120)=0, '(直掃)RX Mapping'!I11 <= 480, '(直掃)RX Mapping'!I11 > 0), 120) -> 159 | ... AS11: =IF( (AND('(直掃)RX Mapping'!AS11>=0,'(直掃)RX Mapping'!AS11<=480)), (MOD('(直掃)RX Mapping'!AS11,120)-1), IF( (AND('(直掃)RX Mapping'!AS11>=480,'(直掃)RX Mapping'!AS11<=960)), IF(MOD('(直掃)RX Mapping'!AS11,120)=0, 120, 240-MOD('(直掃)RX Mapping'!AS11,120)),9999))+IF(AND(MOD('(直掃)RX Mapping'!AS11,120)=0, '(直掃)RX Mapping'!AS11 <= 480, '(直掃)RX Mapping'!AS11 > 0), 120) -> -1 | AT11: =IF(AND('(橫掃)RX Mapping'!AT11>=1,'(橫掃)RX Mapping'!AT11<=120), ('(橫掃)RX Mapping'!AT11-1),IF(AND('(橫掃)RX Mapping'!AT11>=121,'(橫掃)RX Mapping'!AT11<=240), (-1)*('(橫掃)RX Mapping'!AT11-240),IF(AND('(橫掃)RX Mapping'!AT11>=241,'(橫掃)RX Mapping'!AT11<=360), ('(橫掃)RX Mapping'!AT11-241),IF(AND('(橫掃)RX Mapping'!AT11>=361,'(橫掃)RX Mapping'!AT11<=480), (-1)*('(橫掃)RX Mapping'!AT11-480),IF(AND('(橫掃)RX Mapping'!AT11>=481,'(橫掃)RX Mapping'!AT11<=600), ('(橫掃)RX Mapping'!AT11-361),IF(AND('(橫掃)RX Mapping'!AT11>=601,'(橫掃)RX Mapping'!AT11<=720), (-1)*('(橫掃)RX Mapping'!AT11-720)+120,IF(AND('(橫掃)RX Mapping'!AT11>=721,'(橫掃)RX Mapping'!AT11<=840), ('(橫掃)RX Mapping'!AT11-601),IF(AND('(橫掃)RX Mapping'!AT11>=841,'(橫掃)RX Mapping'!AT11<=960), (-1)*('(橫掃)RX Mapping'!AT11-960)+120,9999)))))))) -> 9999 | AU11: =IF(AND('(橫掃)RX Mapping'!AU11>=1,'(橫掃)RX Mapping'!AU11<=120), ('(橫掃)RX Mapping'!AU11-1),IF(AND('(橫掃)RX Mapping'!AU11>=121,'(橫掃)RX Mapping'!AU11<=240), (-1)*('(橫掃)RX Mapping'!AU11-240),IF(AND('(橫掃)RX Mapping'!AU11>=241,'(橫掃)RX Mapping'!AU11<=360), ('(橫掃)RX Mapping'!AU11-241),IF(AND('(橫掃)RX Mapping'!AU11>=361,'(橫掃)RX Mapping'!AU11<=480), (-1)*('(橫掃)RX Mapping'!AU11-480),IF(AND('(橫掃)RX Mapping'!AU11>=481,'(橫掃)RX Mapping'!AU11<=600), ('(橫掃)RX Mapping'!AU11-361),IF(AND('(橫掃)RX Mapping'!AU11>=601,'(橫掃)RX Mapping'!AU11<=720), (-1)*('(橫掃)RX Mapping'!AU11-720)+120,IF(AND('(橫掃)RX Mapping'!AU11>=721,'(橫掃)RX Mapping'!AU11<=840), ('(橫掃)RX Mapping'!AU11-601),IF(AND('(橫掃)RX Mapping'!AU11>=841,'(橫掃)RX Mapping'!AU11<=960), (-1)*('(橫掃)RX Mapping'!AU11-960)+120,9999)))))))) -> 9999 | AV11: =IF(AND('(橫掃)RX Mapping'!AV11>=1,'(橫掃)RX Mapping'!AV11<=120), ('(橫掃)RX Mapping'!AV11-1),IF(AND('(橫掃)RX Mapping'!AV11>=121,'(橫掃)RX Mapping'!AV11<=240), (-1)*('(橫掃)RX Mapping'!AV11-240),IF(AND('(橫掃)RX Mapping'!AV11>=241,'(橫掃)RX Mapping'!AV11<=360), ('(橫掃)RX Mapping'!AV11-241),IF(AND('(橫掃)RX Mapping'!AV11>=361,'(橫掃)RX Mapping'!AV11<=480), (-1)*('(橫掃)RX Mapping'!AV11-480),IF(AND('(橫掃)RX Mapping'!AV11>=481,'(橫掃)RX Mapping'!AV11<=600), ('(橫掃)RX Mapping'!AV11-361),IF(AND('(橫掃)RX Mapping'!AV11>=601,'(橫掃)RX Mapping'!AV11<=720), (-1)*('(橫掃)RX Mapping'!AV11-720)+120,IF(AND('(橫掃)RX Mapping'!AV11>=721,'(橫掃)RX Mapping'!AV11<=840), ('(橫掃)RX Mapping'!AV11-601),IF(AND('(橫掃)RX Mapping'!AV11>=841,'(橫掃)RX Mapping'!AV11<=960), (-1)*('(橫掃)RX Mapping'!AV11-960)+120,9999)))))))) -> 9999 | AW11: =IF(AND('(橫掃)RX Mapping'!AW11>=1,'(橫掃)RX Mapping'!AW11<=120), ('(橫掃)RX Mapping'!AW11-1),IF(AND('(橫掃)RX Mapping'!AW11>=121,'(橫掃)RX Mapping'!AW11<=240), (-1)*('(橫掃)RX Mapping'!AW11-240),IF(AND('(橫掃)RX Mapping'!AW11>=241,'(橫掃)RX Mapping'!AW11<=360), ('(橫掃)RX Mapping'!AW11-241),IF(AND('(橫掃)RX Mapping'!AW11>=361,'(橫掃)RX Mapping'!AW11<=480), (-1)*('(橫掃)RX Mapping'!AW11-480),IF(AND('(橫掃)RX Mapping'!AW11>=481,'(橫掃)RX Mapping'!AW11<=600), ('(橫掃)RX Mapping'!AW11-361),IF(AND('(橫掃)RX Mapping'!AW11>=601,'(橫掃)RX Mapping'!AW11<=720), (-1)*('(橫掃)RX Mapping'!AW11-720)+120,IF(AND('(橫掃)RX Mapping'!AW11>=721,'(橫掃)RX Mapping'!AW11<=840), ('(橫掃)RX Mapping'!AW11-601),IF(AND('(橫掃)RX Mapping'!AW11>=841,'(橫掃)RX Mapping'!AW11<=960), (-1)*('(橫掃)RX Mapping'!AW11-960)+120,9999)))))))) -> 9999 | AX11: =IF(AND('(橫掃)RX Mapping'!AX11>=1,'(橫掃)RX Mapping'!AX11<=120), ('(橫掃)RX Mapping'!AX11-1),IF(AND('(橫掃)RX Mapping'!AX11>=121,'(橫掃)RX Mapping'!AX11<=240), (-1)*('(橫掃)RX Mapping'!AX11-240),IF(AND('(橫掃)RX Mapping'!AX11>=241,'(橫掃)RX Mapping'!AX11<=360), ('(橫掃)RX Mapping'!AX11-241),IF(AND('(橫掃)RX Mapping'!AX11>=361,'(橫掃)RX Mapping'!AX11<=480), (-1)*('(橫掃)RX Mapping'!AX11-480),IF(AND('(橫掃)RX Mapping'!AX11>=481,'(橫掃)RX Mapping'!AX11<=600), ('(橫掃)RX Mapping'!AX11-361),IF(AND('(橫掃)RX Mapping'!AX11>=601,'(橫掃)RX Mapping'!AX11<=720), (-1)*('(橫掃)RX Mapping'!AX11-720)+120,IF(AND('(橫掃)RX Mapping'!AX11>=721,'(橫掃)RX Mapping'!AX11<=840), ('(橫掃)RX Mapping'!AX11-601),IF(AND('(橫掃)RX Mapping'!AX11>=841,'(橫掃)RX Mapping'!AX11<=960), (-1)*('(橫掃)RX Mapping'!AX11-960)+120,9999)))))))) -> 9999 | AY11: =IF(AND('(橫掃)RX Mapping'!AY11>=1,'(橫掃)RX Mapping'!AY11<=120), ('(橫掃)RX Mapping'!AY11-1),IF(AND('(橫掃)RX Mapping'!AY11>=121,'(橫掃)RX Mapping'!AY11<=240), (-1)*('(橫掃)RX Mapping'!AY11-240),IF(AND('(橫掃)RX Mapping'!AY11>=241,'(橫掃)RX Mapping'!AY11<=360), ('(橫掃)RX Mapping'!AY11-241),IF(AND('(橫掃)RX Mapping'!AY11>=361,'(橫掃)RX Mapping'!AY11<=480), (-1)*('(橫掃)RX Mapping'!AY11-480),IF(AND('(橫掃)RX Mapping'!AY11>=481,'(橫掃)RX Mapping'!AY11<=600), ('(橫掃)RX Mapping'!AY11-361),IF(AND('(橫掃)RX Mapping'!AY11>=601,'(橫掃)RX Mapping'!AY11<=720), (-1)*('(橫掃)RX Mapping'!AY11-720)+120,IF(AND('(橫掃)RX Mapping'!AY11>=721,'(橫掃)RX Mapping'!AY11<=840), ('(橫掃)RX Mapping'!AY11-601),IF(AND('(橫掃)RX Mapping'!AY11>=841,'(橫掃)RX Mapping'!AY11<=960), (-1)*('(橫掃)RX Mapping'!AY11-960)+120,9999)))))))) -> 9999 | AZ11: =IF(AND('(橫掃)RX Mapping'!AZ11>=1,'(橫掃)RX Mapping'!AZ11<=120), ('(橫掃)RX Mapping'!AZ11-1),IF(AND('(橫掃)RX Mapping'!AZ11>=121,'(橫掃)RX Mapping'!AZ11<=240), (-1)*('(橫掃)RX Mapping'!AZ11-240),IF(AND('(橫掃)RX Mapping'!AZ11>=241,'(橫掃)RX Mapping'!AZ11<=360), ('(橫掃)RX Mapping'!AZ11-241),IF(AND('(橫掃)RX Mapping'!AZ11>=361,'(橫掃)RX Mapping'!AZ11<=480), (-1)*('(橫掃)RX Mapping'!AZ11-480),IF(AND('(橫掃)RX Mapping'!AZ11>=481,'(橫掃)RX Mapping'!AZ11<=600), ('(橫掃)RX Mapping'!AZ11-361),IF(AND('(橫掃)RX Mapping'!AZ11>=601,'(橫掃)RX Mapping'!AZ11<=720), (-1)*('(橫掃)RX Mapping'!AZ11-720)+120,IF(AND('(橫掃)RX Mapping'!AZ11>=721,'(橫掃)RX Mapping'!AZ11<=840), ('(橫掃)RX Mapping'!AZ11-601),IF(AND('(橫掃)RX Mapping'!AZ11>=841,'(橫掃)RX Mapping'!AZ11<=960), (-1)*('(橫掃)RX Mapping'!AZ11-960)+120,9999)))))))) -> 9999 | BA11: =IF(AND('(橫掃)RX Mapping'!BA11>=1,'(橫掃)RX Mapping'!BA11<=120), ('(橫掃)RX Mapping'!BA11-1),IF(AND('(橫掃)RX Mapping'!BA11>=121,'(橫掃)RX Mapping'!BA11<=240), (-1)*('(橫掃)RX Mapping'!BA11-240),IF(AND('(橫掃)RX Mapping'!BA11>=241,'(橫掃)RX Mapping'!BA11<=360), ('(橫掃)RX Mapping'!BA11-241),IF(AND('(橫掃)RX Mapping'!BA11>=361,'(橫掃)RX Mapping'!BA11<=480), (-1)*('(橫掃)RX Mapping'!BA11-480),IF(AND('(橫掃)RX Mapping'!BA11>=481,'(橫掃)RX Mapping'!BA11<=600), ('(橫掃)RX Mapping'!BA11-361),IF(AND('(橫掃)RX Mapping'!BA11>=601,'(橫掃)RX Mapping'!BA11<=720), (-1)*('(橫掃)RX Mapping'!BA11-720)+120,IF(AND('(橫掃)RX Mapping'!BA11>=721,'(橫掃)RX Mapping'!BA11<=840), ('(橫掃)RX Mapping'!BA11-601),IF(AND('(橫掃)RX Mapping'!BA11>=841,'(橫掃)RX Mapping'!BA11<=960), (-1)*('(橫掃)RX Mapping'!BA11-960)+120,9999)))))))) -> 9999 | ... BI11: =IF(AND('(橫掃)RX Mapping'!BI11>=1,'(橫掃)RX Mapping'!BI11<=120), ('(橫掃)RX Mapping'!BI11-1),IF(AND('(橫掃)RX Mapping'!BI11>=121,'(橫掃)RX Mapping'!BI11<=240), (-1)*('(橫掃)RX Mapping'!BI11-240),IF(AND('(橫掃)RX Mapping'!BI11>=241,'(橫掃)RX Mapping'!BI11<=360), ('(橫掃)RX Mapping'!BI11-241),IF(AND('(橫掃)RX Mapping'!BI11>=361,'(橫掃)RX Mapping'!BI11<=480), (-1)*('(橫掃)RX Mapping'!BI11-480),IF(AND('(橫掃)RX Mapping'!BI11>=481,'(橫掃)RX Mapping'!BI11<=600), ('(橫掃)RX Mapping'!BI11-361),IF(AND('(橫掃)RX Mapping'!BI11>=601,'(橫掃)RX Mapping'!BI11<=720), (-1)*('(橫掃)RX Mapping'!BI11-720)+120,IF(AND('(橫掃)RX Mapping'!BI11>=721,'(橫掃)RX Mapping'!BI11<=840), ('(橫掃)RX Mapping'!BI11-601),IF(AND('(橫掃)RX Mapping'!BI11>=841,'(橫掃)RX Mapping'!BI11<=960), (-1)*('(橫掃)RX Mapping'!BI11-960)+120,9999)))))))) -> 9999
A12: 11 | B12: =IF( (AND('(直掃)RX Mapping'!B12>=0,'(直掃)RX Mapping'!B12<=480)), (MOD('(直掃)RX Mapping'!B12,120)-1), IF( (AND('(直掃)RX Mapping'!B12>=480,'(直掃)RX Mapping'!B12<=960)), IF(MOD('(直掃)RX Mapping'!B12,120)=0, 120, 240-MOD('(直掃)RX Mapping'!B12,120)),9999))+IF(AND(MOD('(直掃)RX Mapping'!B12,120)=0, '(直掃)RX Mapping'!B12 <= 480, '(直掃)RX Mapping'!B12 > 0), 120) -> 130 | C12: =IF( (AND('(直掃)RX Mapping'!C12>=0,'(直掃)RX Mapping'!C12<=480)), (MOD('(直掃)RX Mapping'!C12,120)-1), IF( (AND('(直掃)RX Mapping'!C12>=480,'(直掃)RX Mapping'!C12<=960)), IF(MOD('(直掃)RX Mapping'!C12,120)=0, 120, 240-MOD('(直掃)RX Mapping'!C12,120)),9999))+IF(AND(MOD('(直掃)RX Mapping'!C12,120)=0, '(直掃)RX Mapping'!C12 <= 480, '(直掃)RX Mapping'!C12 > 0), 120) -> 160 | D12: =IF( (AND('(直掃)RX Mapping'!D12>=0,'(直掃)RX Mapping'!D12<=480)), (MOD('(直掃)RX Mapping'!D12,120)-1), IF( (AND('(直掃)RX Mapping'!D12>=480,'(直掃)RX Mapping'!D12<=960)), IF(MOD('(直掃)RX Mapping'!D12,120)=0, 120, 240-MOD('(直掃)RX Mapping'!D12,120)),9999))+IF(AND(MOD('(直掃)RX Mapping'!D12,120)=0, '(直掃)RX Mapping'!D12 <= 480, '(直掃)RX Mapping'!D12 > 0), 120) -> 190 | E12: =IF( (AND('(直掃)RX Mapping'!E12>=0,'(直掃)RX Mapping'!E12<=480)), (MOD('(直掃)RX Mapping'!E12,120)-1), IF( (AND('(直掃)RX Mapping'!E12>=480,'(直掃)RX Mapping'!E12<=960)), IF(MOD('(直掃)RX Mapping'!E12,120)=0, 120, 240-MOD('(直掃)RX Mapping'!E12,120)),9999))+IF(AND(MOD('(直掃)RX Mapping'!E12,120)=0, '(直掃)RX Mapping'!E12 <= 480, '(直掃)RX Mapping'!E12 > 0), 120) -> 130 | F12: =IF( (AND('(直掃)RX Mapping'!F12>=0,'(直掃)RX Mapping'!F12<=480)), (MOD('(直掃)RX Mapping'!F12,120)-1), IF( (AND('(直掃)RX Mapping'!F12>=480,'(直掃)RX Mapping'!F12<=960)), IF(MOD('(直掃)RX Mapping'!F12,120)=0, 120, 240-MOD('(直掃)RX Mapping'!F12,120)),9999))+IF(AND(MOD('(直掃)RX Mapping'!F12,120)=0, '(直掃)RX Mapping'!F12 <= 480, '(直掃)RX Mapping'!F12 > 0), 120) -> 160 | G12: =IF( (AND('(直掃)RX Mapping'!G12>=0,'(直掃)RX Mapping'!G12<=480)), (MOD('(直掃)RX Mapping'!G12,120)-1), IF( (AND('(直掃)RX Mapping'!G12>=480,'(直掃)RX Mapping'!G12<=960)), IF(MOD('(直掃)RX Mapping'!G12,120)=0, 120, 240-MOD('(直掃)RX Mapping'!G12,120)),9999))+IF(AND(MOD('(直掃)RX Mapping'!G12,120)=0, '(直掃)RX Mapping'!G12 <= 480, '(直掃)RX Mapping'!G12 > 0), 120) -> 190 | H12: =IF( (AND('(直掃)RX Mapping'!H12>=0,'(直掃)RX Mapping'!H12<=480)), (MOD('(直掃)RX Mapping'!H12,120)-1), IF( (AND('(直掃)RX Mapping'!H12>=480,'(直掃)RX Mapping'!H12<=960)), IF(MOD('(直掃)RX Mapping'!H12,120)=0, 120, 240-MOD('(直掃)RX Mapping'!H12,120)),9999))+IF(AND(MOD('(直掃)RX Mapping'!H12,120)=0, '(直掃)RX Mapping'!H12 <= 480, '(直掃)RX Mapping'!H12 > 0), 120) -> 130 | I12: =IF( (AND('(直掃)RX Mapping'!I12>=0,'(直掃)RX Mapping'!I12<=480)), (MOD('(直掃)RX Mapping'!I12,120)-1), IF( (AND('(直掃)RX Mapping'!I12>=480,'(直掃)RX Mapping'!I12<=960)), IF(MOD('(直掃)RX Mapping'!I12,120)=0, 120, 240-MOD('(直掃)RX Mapping'!I12,120)),9999))+IF(AND(MOD('(直掃)RX Mapping'!I12,120)=0, '(直掃)RX Mapping'!I12 <= 480, '(直掃)RX Mapping'!I12 > 0), 120) -> 160 | ... AS12: =IF( (AND('(直掃)RX Mapping'!AS12>=0,'(直掃)RX Mapping'!AS12<=480)), (MOD('(直掃)RX Mapping'!AS12,120)-1), IF( (AND('(直掃)RX Mapping'!AS12>=480,'(直掃)RX Mapping'!AS12<=960)), IF(MOD('(直掃)RX Mapping'!AS12,120)=0, 120, 240-MOD('(直掃)RX Mapping'!AS12,120)),9999))+IF(AND(MOD('(直掃)RX Mapping'!AS12,120)=0, '(直掃)RX Mapping'!AS12 <= 480, '(直掃)RX Mapping'!AS12 > 0), 120) -> -1 | AT12: =IF(AND('(橫掃)RX Mapping'!AT12>=1,'(橫掃)RX Mapping'!AT12<=120), ('(橫掃)RX Mapping'!AT12-1),IF(AND('(橫掃)RX Mapping'!AT12>=121,'(橫掃)RX Mapping'!AT12<=240), (-1)*('(橫掃)RX Mapping'!AT12-240),IF(AND('(橫掃)RX Mapping'!AT12>=241,'(橫掃)RX Mapping'!AT12<=360), ('(橫掃)RX Mapping'!AT12-241),IF(AND('(橫掃)RX Mapping'!AT12>=361,'(橫掃)RX Mapping'!AT12<=480), (-1)*('(橫掃)RX Mapping'!AT12-480),IF(AND('(橫掃)RX Mapping'!AT12>=481,'(橫掃)RX Mapping'!AT12<=600), ('(橫掃)RX Mapping'!AT12-361),IF(AND('(橫掃)RX Mapping'!AT12>=601,'(橫掃)RX Mapping'!AT12<=720), (-1)*('(橫掃)RX Mapping'!AT12-720)+120,IF(AND('(橫掃)RX Mapping'!AT12>=721,'(橫掃)RX Mapping'!AT12<=840), ('(橫掃)RX Mapping'!AT12-601),IF(AND('(橫掃)RX Mapping'!AT12>=841,'(橫掃)RX Mapping'!AT12<=960), (-1)*('(橫掃)RX Mapping'!AT12-960)+120,9999)))))))) -> 9999 | AU12: =IF(AND('(橫掃)RX Mapping'!AU12>=1,'(橫掃)RX Mapping'!AU12<=120), ('(橫掃)RX Mapping'!AU12-1),IF(AND('(橫掃)RX Mapping'!AU12>=121,'(橫掃)RX Mapping'!AU12<=240), (-1)*('(橫掃)RX Mapping'!AU12-240),IF(AND('(橫掃)RX Mapping'!AU12>=241,'(橫掃)RX Mapping'!AU12<=360), ('(橫掃)RX Mapping'!AU12-241),IF(AND('(橫掃)RX Mapping'!AU12>=361,'(橫掃)RX Mapping'!AU12<=480), (-1)*('(橫掃)RX Mapping'!AU12-480),IF(AND('(橫掃)RX Mapping'!AU12>=481,'(橫掃)RX Mapping'!AU12<=600), ('(橫掃)RX Mapping'!AU12-361),IF(AND('(橫掃)RX Mapping'!AU12>=601,'(橫掃)RX Mapping'!AU12<=720), (-1)*('(橫掃)RX Mapping'!AU12-720)+120,IF(AND('(橫掃)RX Mapping'!AU12>=721,'(橫掃)RX Mapping'!AU12<=840), ('(橫掃)RX Mapping'!AU12-601),IF(AND('(橫掃)RX Mapping'!AU12>=841,'(橫掃)RX Mapping'!AU12<=960), (-1)*('(橫掃)RX Mapping'!AU12-960)+120,9999)))))))) -> 9999 | AV12: =IF(AND('(橫掃)RX Mapping'!AV12>=1,'(橫掃)RX Mapping'!AV12<=120), ('(橫掃)RX Mapping'!AV12-1),IF(AND('(橫掃)RX Mapping'!AV12>=121,'(橫掃)RX Mapping'!AV12<=240), (-1)*('(橫掃)RX Mapping'!AV12-240),IF(AND('(橫掃)RX Mapping'!AV12>=241,'(橫掃)RX Mapping'!AV12<=360), ('(橫掃)RX Mapping'!AV12-241),IF(AND('(橫掃)RX Mapping'!AV12>=361,'(橫掃)RX Mapping'!AV12<=480), (-1)*('(橫掃)RX Mapping'!AV12-480),IF(AND('(橫掃)RX Mapping'!AV12>=481,'(橫掃)RX Mapping'!AV12<=600), ('(橫掃)RX Mapping'!AV12-361),IF(AND('(橫掃)RX Mapping'!AV12>=601,'(橫掃)RX Mapping'!AV12<=720), (-1)*('(橫掃)RX Mapping'!AV12-720)+120,IF(AND('(橫掃)RX Mapping'!AV12>=721,'(橫掃)RX Mapping'!AV12<=840), ('(橫掃)RX Mapping'!AV12-601),IF(AND('(橫掃)RX Mapping'!AV12>=841,'(橫掃)RX Mapping'!AV12<=960), (-1)*('(橫掃)RX Mapping'!AV12-960)+120,9999)))))))) -> 9999 | AW12: =IF(AND('(橫掃)RX Mapping'!AW12>=1,'(橫掃)RX Mapping'!AW12<=120), ('(橫掃)RX Mapping'!AW12-1),IF(AND('(橫掃)RX Mapping'!AW12>=121,'(橫掃)RX Mapping'!AW12<=240), (-1)*('(橫掃)RX Mapping'!AW12-240),IF(AND('(橫掃)RX Mapping'!AW12>=241,'(橫掃)RX Mapping'!AW12<=360), ('(橫掃)RX Mapping'!AW12-241),IF(AND('(橫掃)RX Mapping'!AW12>=361,'(橫掃)RX Mapping'!AW12<=480), (-1)*('(橫掃)RX Mapping'!AW12-480),IF(AND('(橫掃)RX Mapping'!AW12>=481,'(橫掃)RX Mapping'!AW12<=600), ('(橫掃)RX Mapping'!AW12-361),IF(AND('(橫掃)RX Mapping'!AW12>=601,'(橫掃)RX Mapping'!AW12<=720), (-1)*('(橫掃)RX Mapping'!AW12-720)+120,IF(AND('(橫掃)RX Mapping'!AW12>=721,'(橫掃)RX Mapping'!AW12<=840), ('(橫掃)RX Mapping'!AW12-601),IF(AND('(橫掃)RX Mapping'!AW12>=841,'(橫掃)RX Mapping'!AW12<=960), (-1)*('(橫掃)RX Mapping'!AW12-960)+120,9999)))))))) -> 9999 | AX12: =IF(AND('(橫掃)RX Mapping'!AX12>=1,'(橫掃)RX Mapping'!AX12<=120), ('(橫掃)RX Mapping'!AX12-1),IF(AND('(橫掃)RX Mapping'!AX12>=121,'(橫掃)RX Mapping'!AX12<=240), (-1)*('(橫掃)RX Mapping'!AX12-240),IF(AND('(橫掃)RX Mapping'!AX12>=241,'(橫掃)RX Mapping'!AX12<=360), ('(橫掃)RX Mapping'!AX12-241),IF(AND('(橫掃)RX Mapping'!AX12>=361,'(橫掃)RX Mapping'!AX12<=480), (-1)*('(橫掃)RX Mapping'!AX12-480),IF(AND('(橫掃)RX Mapping'!AX12>=481,'(橫掃)RX Mapping'!AX12<=600), ('(橫掃)RX Mapping'!AX12-361),IF(AND('(橫掃)RX Mapping'!AX12>=601,'(橫掃)RX Mapping'!AX12<=720), (-1)*('(橫掃)RX Mapping'!AX12-720)+120,IF(AND('(橫掃)RX Mapping'!AX12>=721,'(橫掃)RX Mapping'!AX12<=840), ('(橫掃)RX Mapping'!AX12-601),IF(AND('(橫掃)RX Mapping'!AX12>=841,'(橫掃)RX Mapping'!AX12<=960), (-1)*('(橫掃)RX Mapping'!AX12-960)+120,9999)))))))) -> 9999 | AY12: =IF(AND('(橫掃)RX Mapping'!AY12>=1,'(橫掃)RX Mapping'!AY12<=120), ('(橫掃)RX Mapping'!AY12-1),IF(AND('(橫掃)RX Mapping'!AY12>=121,'(橫掃)RX Mapping'!AY12<=240), (-1)*('(橫掃)RX Mapping'!AY12-240),IF(AND('(橫掃)RX Mapping'!AY12>=241,'(橫掃)RX Mapping'!AY12<=360), ('(橫掃)RX Mapping'!AY12-241),IF(AND('(橫掃)RX Mapping'!AY12>=361,'(橫掃)RX Mapping'!AY12<=480), (-1)*('(橫掃)RX Mapping'!AY12-480),IF(AND('(橫掃)RX Mapping'!AY12>=481,'(橫掃)RX Mapping'!AY12<=600), ('(橫掃)RX Mapping'!AY12-361),IF(AND('(橫掃)RX Mapping'!AY12>=601,'(橫掃)RX Mapping'!AY12<=720), (-1)*('(橫掃)RX Mapping'!AY12-720)+120,IF(AND('(橫掃)RX Mapping'!AY12>=721,'(橫掃)RX Mapping'!AY12<=840), ('(橫掃)RX Mapping'!AY12-601),IF(AND('(橫掃)RX Mapping'!AY12>=841,'(橫掃)RX Mapping'!AY12<=960), (-1)*('(橫掃)RX Mapping'!AY12-960)+120,9999)))))))) -> 9999 | AZ12: =IF(AND('(橫掃)RX Mapping'!AZ12>=1,'(橫掃)RX Mapping'!AZ12<=120), ('(橫掃)RX Mapping'!AZ12-1),IF(AND('(橫掃)RX Mapping'!AZ12>=121,'(橫掃)RX Mapping'!AZ12<=240), (-1)*('(橫掃)RX Mapping'!AZ12-240),IF(AND('(橫掃)RX Mapping'!AZ12>=241,'(橫掃)RX Mapping'!AZ12<=360), ('(橫掃)RX Mapping'!AZ12-241),IF(AND('(橫掃)RX Mapping'!AZ12>=361,'(橫掃)RX Mapping'!AZ12<=480), (-1)*('(橫掃)RX Mapping'!AZ12-480),IF(AND('(橫掃)RX Mapping'!AZ12>=481,'(橫掃)RX Mapping'!AZ12<=600), ('(橫掃)RX Mapping'!AZ12-361),IF(AND('(橫掃)RX Mapping'!AZ12>=601,'(橫掃)RX Mapping'!AZ12<=720), (-1)*('(橫掃)RX Mapping'!AZ12-720)+120,IF(AND('(橫掃)RX Mapping'!AZ12>=721,'(橫掃)RX Mapping'!AZ12<=840), ('(橫掃)RX Mapping'!AZ12-601),IF(AND('(橫掃)RX Mapping'!AZ12>=841,'(橫掃)RX Mapping'!AZ12<=960), (-1)*('(橫掃)RX Mapping'!AZ12-960)+120,9999)))))))) -> 9999 | BA12: =IF(AND('(橫掃)RX Mapping'!BA12>=1,'(橫掃)RX Mapping'!BA12<=120), ('(橫掃)RX Mapping'!BA12-1),IF(AND('(橫掃)RX Mapping'!BA12>=121,'(橫掃)RX Mapping'!BA12<=240), (-1)*('(橫掃)RX Mapping'!BA12-240),IF(AND('(橫掃)RX Mapping'!BA12>=241,'(橫掃)RX Mapping'!BA12<=360), ('(橫掃)RX Mapping'!BA12-241),IF(AND('(橫掃)RX Mapping'!BA12>=361,'(橫掃)RX Mapping'!BA12<=480), (-1)*('(橫掃)RX Mapping'!BA12-480),IF(AND('(橫掃)RX Mapping'!BA12>=481,'(橫掃)RX Mapping'!BA12<=600), ('(橫掃)RX Mapping'!BA12-361),IF(AND('(橫掃)RX Mapping'!BA12>=601,'(橫掃)RX Mapping'!BA12<=720), (-1)*('(橫掃)RX Mapping'!BA12-720)+120,IF(AND('(橫掃)RX Mapping'!BA12>=721,'(橫掃)RX Mapping'!BA12<=840), ('(橫掃)RX Mapping'!BA12-601),IF(AND('(橫掃)RX Mapping'!BA12>=841,'(橫掃)RX Mapping'!BA12<=960), (-1)*('(橫掃)RX Mapping'!BA12-960)+120,9999)))))))) -> 9999 | ... BI12: =IF(AND('(橫掃)RX Mapping'!BI12>=1,'(橫掃)RX Mapping'!BI12<=120), ('(橫掃)RX Mapping'!BI12-1),IF(AND('(橫掃)RX Mapping'!BI12>=121,'(橫掃)RX Mapping'!BI12<=240), (-1)*('(橫掃)RX Mapping'!BI12-240),IF(AND('(橫掃)RX Mapping'!BI12>=241,'(橫掃)RX Mapping'!BI12<=360), ('(橫掃)RX Mapping'!BI12-241),IF(AND('(橫掃)RX Mapping'!BI12>=361,'(橫掃)RX Mapping'!BI12<=480), (-1)*('(橫掃)RX Mapping'!BI12-480),IF(AND('(橫掃)RX Mapping'!BI12>=481,'(橫掃)RX Mapping'!BI12<=600), ('(橫掃)RX Mapping'!BI12-361),IF(AND('(橫掃)RX Mapping'!BI12>=601,'(橫掃)RX Mapping'!BI12<=720), (-1)*('(橫掃)RX Mapping'!BI12-720)+120,IF(AND('(橫掃)RX Mapping'!BI12>=721,'(橫掃)RX Mapping'!BI12<=840), ('(橫掃)RX Mapping'!BI12-601),IF(AND('(橫掃)RX Mapping'!BI12>=841,'(橫掃)RX Mapping'!BI12<=960), (-1)*('(橫掃)RX Mapping'!BI12-960)+120,9999)))))))) -> 9999
A13: 12 | B13: =IF( (AND('(直掃)RX Mapping'!B13>=0,'(直掃)RX Mapping'!B13<=480)), (MOD('(直掃)RX Mapping'!B13,120)-1), IF( (AND('(直掃)RX Mapping'!B13>=480,'(直掃)RX Mapping'!B13<=960)), IF(MOD('(直掃)RX Mapping'!B13,120)=0, 120, 240-MOD('(直掃)RX Mapping'!B13,120)),9999))+IF(AND(MOD('(直掃)RX Mapping'!B13,120)=0, '(直掃)RX Mapping'!B13 <= 480, '(直掃)RX Mapping'!B13 > 0), 120) -> 131 | C13: =IF( (AND('(直掃)RX Mapping'!C13>=0,'(直掃)RX Mapping'!C13<=480)), (MOD('(直掃)RX Mapping'!C13,120)-1), IF( (AND('(直掃)RX Mapping'!C13>=480,'(直掃)RX Mapping'!C13<=960)), IF(MOD('(直掃)RX Mapping'!C13,120)=0, 120, 240-MOD('(直掃)RX Mapping'!C13,120)),9999))+IF(AND(MOD('(直掃)RX Mapping'!C13,120)=0, '(直掃)RX Mapping'!C13 <= 480, '(直掃)RX Mapping'!C13 > 0), 120) -> 161 | D13: =IF( (AND('(直掃)RX Mapping'!D13>=0,'(直掃)RX Mapping'!D13<=480)), (MOD('(直掃)RX Mapping'!D13,120)-1), IF( (AND('(直掃)RX Mapping'!D13>=480,'(直掃)RX Mapping'!D13<=960)), IF(MOD('(直掃)RX Mapping'!D13,120)=0, 120, 240-MOD('(直掃)RX Mapping'!D13,120)),9999))+IF(AND(MOD('(直掃)RX Mapping'!D13,120)=0, '(直掃)RX Mapping'!D13 <= 480, '(直掃)RX Mapping'!D13 > 0), 120) -> 191 | E13: =IF( (AND('(直掃)RX Mapping'!E13>=0,'(直掃)RX Mapping'!E13<=480)), (MOD('(直掃)RX Mapping'!E13,120)-1), IF( (AND('(直掃)RX Mapping'!E13>=480,'(直掃)RX Mapping'!E13<=960)), IF(MOD('(直掃)RX Mapping'!E13,120)=0, 120, 240-MOD('(直掃)RX Mapping'!E13,120)),9999))+IF(AND(MOD('(直掃)RX Mapping'!E13,120)=0, '(直掃)RX Mapping'!E13 <= 480, '(直掃)RX Mapping'!E13 > 0), 120) -> 131 | F13: =IF( (AND('(直掃)RX Mapping'!F13>=0,'(直掃)RX Mapping'!F13<=480)), (MOD('(直掃)RX Mapping'!F13,120)-1), IF( (AND('(直掃)RX Mapping'!F13>=480,'(直掃)RX Mapping'!F13<=960)), IF(MOD('(直掃)RX Mapping'!F13,120)=0, 120, 240-MOD('(直掃)RX Mapping'!F13,120)),9999))+IF(AND(MOD('(直掃)RX Mapping'!F13,120)=0, '(直掃)RX Mapping'!F13 <= 480, '(直掃)RX Mapping'!F13 > 0), 120) -> 161 | G13: =IF( (AND('(直掃)RX Mapping'!G13>=0,'(直掃)RX Mapping'!G13<=480)), (MOD('(直掃)RX Mapping'!G13,120)-1), IF( (AND('(直掃)RX Mapping'!G13>=480,'(直掃)RX Mapping'!G13<=960)), IF(MOD('(直掃)RX Mapping'!G13,120)=0, 120, 240-MOD('(直掃)RX Mapping'!G13,120)),9999))+IF(AND(MOD('(直掃)RX Mapping'!G13,120)=0, '(直掃)RX Mapping'!G13 <= 480, '(直掃)RX Mapping'!G13 > 0), 120) -> 191 | H13: =IF( (AND('(直掃)RX Mapping'!H13>=0,'(直掃)RX Mapping'!H13<=480)), (MOD('(直掃)RX Mapping'!H13,120)-1), IF( (AND('(直掃)RX Mapping'!H13>=480,'(直掃)RX Mapping'!H13<=960)), IF(MOD('(直掃)RX Mapping'!H13,120)=0, 120, 240-MOD('(直掃)RX Mapping'!H13,120)),9999))+IF(AND(MOD('(直掃)RX Mapping'!H13,120)=0, '(直掃)RX Mapping'!H13 <= 480, '(直掃)RX Mapping'!H13 > 0), 120) -> 131 | I13: =IF( (AND('(直掃)RX Mapping'!I13>=0,'(直掃)RX Mapping'!I13<=480)), (MOD('(直掃)RX Mapping'!I13,120)-1), IF( (AND('(直掃)RX Mapping'!I13>=480,'(直掃)RX Mapping'!I13<=960)), IF(MOD('(直掃)RX Mapping'!I13,120)=0, 120, 240-MOD('(直掃)RX Mapping'!I13,120)),9999))+IF(AND(MOD('(直掃)RX Mapping'!I13,120)=0, '(直掃)RX Mapping'!I13 <= 480, '(直掃)RX Mapping'!I13 > 0), 120) -> 161 | ... AS13: =IF( (AND('(直掃)RX Mapping'!AS13>=0,'(直掃)RX Mapping'!AS13<=480)), (MOD('(直掃)RX Mapping'!AS13,120)-1), IF( (AND('(直掃)RX Mapping'!AS13>=480,'(直掃)RX Mapping'!AS13<=960)), IF(MOD('(直掃)RX Mapping'!AS13,120)=0, 120, 240-MOD('(直掃)RX Mapping'!AS13,120)),9999))+IF(AND(MOD('(直掃)RX Mapping'!AS13,120)=0, '(直掃)RX Mapping'!AS13 <= 480, '(直掃)RX Mapping'!AS13 > 0), 120) -> -1 | AT13: =IF(AND('(橫掃)RX Mapping'!AT13>=1,'(橫掃)RX Mapping'!AT13<=120), ('(橫掃)RX Mapping'!AT13-1),IF(AND('(橫掃)RX Mapping'!AT13>=121,'(橫掃)RX Mapping'!AT13<=240), (-1)*('(橫掃)RX Mapping'!AT13-240),IF(AND('(橫掃)RX Mapping'!AT13>=241,'(橫掃)RX Mapping'!AT13<=360), ('(橫掃)RX Mapping'!AT13-241),IF(AND('(橫掃)RX Mapping'!AT13>=361,'(橫掃)RX Mapping'!AT13<=480), (-1)*('(橫掃)RX Mapping'!AT13-480),IF(AND('(橫掃)RX Mapping'!AT13>=481,'(橫掃)RX Mapping'!AT13<=600), ('(橫掃)RX Mapping'!AT13-361),IF(AND('(橫掃)RX Mapping'!AT13>=601,'(橫掃)RX Mapping'!AT13<=720), (-1)*('(橫掃)RX Mapping'!AT13-720)+120,IF(AND('(橫掃)RX Mapping'!AT13>=721,'(橫掃)RX Mapping'!AT13<=840), ('(橫掃)RX Mapping'!AT13-601),IF(AND('(橫掃)RX Mapping'!AT13>=841,'(橫掃)RX Mapping'!AT13<=960), (-1)*('(橫掃)RX Mapping'!AT13-960)+120,9999)))))))) -> 9999 | AU13: =IF(AND('(橫掃)RX Mapping'!AU13>=1,'(橫掃)RX Mapping'!AU13<=120), ('(橫掃)RX Mapping'!AU13-1),IF(AND('(橫掃)RX Mapping'!AU13>=121,'(橫掃)RX Mapping'!AU13<=240), (-1)*('(橫掃)RX Mapping'!AU13-240),IF(AND('(橫掃)RX Mapping'!AU13>=241,'(橫掃)RX Mapping'!AU13<=360), ('(橫掃)RX Mapping'!AU13-241),IF(AND('(橫掃)RX Mapping'!AU13>=361,'(橫掃)RX Mapping'!AU13<=480), (-1)*('(橫掃)RX Mapping'!AU13-480),IF(AND('(橫掃)RX Mapping'!AU13>=481,'(橫掃)RX Mapping'!AU13<=600), ('(橫掃)RX Mapping'!AU13-361),IF(AND('(橫掃)RX Mapping'!AU13>=601,'(橫掃)RX Mapping'!AU13<=720), (-1)*('(橫掃)RX Mapping'!AU13-720)+120,IF(AND('(橫掃)RX Mapping'!AU13>=721,'(橫掃)RX Mapping'!AU13<=840), ('(橫掃)RX Mapping'!AU13-601),IF(AND('(橫掃)RX Mapping'!AU13>=841,'(橫掃)RX Mapping'!AU13<=960), (-1)*('(橫掃)RX Mapping'!AU13-960)+120,9999)))))))) -> 9999 | AV13: =IF(AND('(橫掃)RX Mapping'!AV13>=1,'(橫掃)RX Mapping'!AV13<=120), ('(橫掃)RX Mapping'!AV13-1),IF(AND('(橫掃)RX Mapping'!AV13>=121,'(橫掃)RX Mapping'!AV13<=240), (-1)*('(橫掃)RX Mapping'!AV13-240),IF(AND('(橫掃)RX Mapping'!AV13>=241,'(橫掃)RX Mapping'!AV13<=360), ('(橫掃)RX Mapping'!AV13-241),IF(AND('(橫掃)RX Mapping'!AV13>=361,'(橫掃)RX Mapping'!AV13<=480), (-1)*('(橫掃)RX Mapping'!AV13-480),IF(AND('(橫掃)RX Mapping'!AV13>=481,'(橫掃)RX Mapping'!AV13<=600), ('(橫掃)RX Mapping'!AV13-361),IF(AND('(橫掃)RX Mapping'!AV13>=601,'(橫掃)RX Mapping'!AV13<=720), (-1)*('(橫掃)RX Mapping'!AV13-720)+120,IF(AND('(橫掃)RX Mapping'!AV13>=721,'(橫掃)RX Mapping'!AV13<=840), ('(橫掃)RX Mapping'!AV13-601),IF(AND('(橫掃)RX Mapping'!AV13>=841,'(橫掃)RX Mapping'!AV13<=960), (-1)*('(橫掃)RX Mapping'!AV13-960)+120,9999)))))))) -> 9999 | AW13: =IF(AND('(橫掃)RX Mapping'!AW13>=1,'(橫掃)RX Mapping'!AW13<=120), ('(橫掃)RX Mapping'!AW13-1),IF(AND('(橫掃)RX Mapping'!AW13>=121,'(橫掃)RX Mapping'!AW13<=240), (-1)*('(橫掃)RX Mapping'!AW13-240),IF(AND('(橫掃)RX Mapping'!AW13>=241,'(橫掃)RX Mapping'!AW13<=360), ('(橫掃)RX Mapping'!AW13-241),IF(AND('(橫掃)RX Mapping'!AW13>=361,'(橫掃)RX Mapping'!AW13<=480), (-1)*('(橫掃)RX Mapping'!AW13-480),IF(AND('(橫掃)RX Mapping'!AW13>=481,'(橫掃)RX Mapping'!AW13<=600), ('(橫掃)RX Mapping'!AW13-361),IF(AND('(橫掃)RX Mapping'!AW13>=601,'(橫掃)RX Mapping'!AW13<=720), (-1)*('(橫掃)RX Mapping'!AW13-720)+120,IF(AND('(橫掃)RX Mapping'!AW13>=721,'(橫掃)RX Mapping'!AW13<=840), ('(橫掃)RX Mapping'!AW13-601),IF(AND('(橫掃)RX Mapping'!AW13>=841,'(橫掃)RX Mapping'!AW13<=960), (-1)*('(橫掃)RX Mapping'!AW13-960)+120,9999)))))))) -> 9999 | AX13: =IF(AND('(橫掃)RX Mapping'!AX13>=1,'(橫掃)RX Mapping'!AX13<=120), ('(橫掃)RX Mapping'!AX13-1),IF(AND('(橫掃)RX Mapping'!AX13>=121,'(橫掃)RX Mapping'!AX13<=240), (-1)*('(橫掃)RX Mapping'!AX13-240),IF(AND('(橫掃)RX Mapping'!AX13>=241,'(橫掃)RX Mapping'!AX13<=360), ('(橫掃)RX Mapping'!AX13-241),IF(AND('(橫掃)RX Mapping'!AX13>=361,'(橫掃)RX Mapping'!AX13<=480), (-1)*('(橫掃)RX Mapping'!AX13-480),IF(AND('(橫掃)RX Mapping'!AX13>=481,'(橫掃)RX Mapping'!AX13<=600), ('(橫掃)RX Mapping'!AX13-361),IF(AND('(橫掃)RX Mapping'!AX13>=601,'(橫掃)RX Mapping'!AX13<=720), (-1)*('(橫掃)RX Mapping'!AX13-720)+120,IF(AND('(橫掃)RX Mapping'!AX13>=721,'(橫掃)RX Mapping'!AX13<=840), ('(橫掃)RX Mapping'!AX13-601),IF(AND('(橫掃)RX Mapping'!AX13>=841,'(橫掃)RX Mapping'!AX13<=960), (-1)*('(橫掃)RX Mapping'!AX13-960)+120,9999)))))))) -> 9999 | AY13: =IF(AND('(橫掃)RX Mapping'!AY13>=1,'(橫掃)RX Mapping'!AY13<=120), ('(橫掃)RX Mapping'!AY13-1),IF(AND('(橫掃)RX Mapping'!AY13>=121,'(橫掃)RX Mapping'!AY13<=240), (-1)*('(橫掃)RX Mapping'!AY13-240),IF(AND('(橫掃)RX Mapping'!AY13>=241,'(橫掃)RX Mapping'!AY13<=360), ('(橫掃)RX Mapping'!AY13-241),IF(AND('(橫掃)RX Mapping'!AY13>=361,'(橫掃)RX Mapping'!AY13<=480), (-1)*('(橫掃)RX Mapping'!AY13-480),IF(AND('(橫掃)RX Mapping'!AY13>=481,'(橫掃)RX Mapping'!AY13<=600), ('(橫掃)RX Mapping'!AY13-361),IF(AND('(橫掃)RX Mapping'!AY13>=601,'(橫掃)RX Mapping'!AY13<=720), (-1)*('(橫掃)RX Mapping'!AY13-720)+120,IF(AND('(橫掃)RX Mapping'!AY13>=721,'(橫掃)RX Mapping'!AY13<=840), ('(橫掃)RX Mapping'!AY13-601),IF(AND('(橫掃)RX Mapping'!AY13>=841,'(橫掃)RX Mapping'!AY13<=960), (-1)*('(橫掃)RX Mapping'!AY13-960)+120,9999)))))))) -> 9999 | AZ13: =IF(AND('(橫掃)RX Mapping'!AZ13>=1,'(橫掃)RX Mapping'!AZ13<=120), ('(橫掃)RX Mapping'!AZ13-1),IF(AND('(橫掃)RX Mapping'!AZ13>=121,'(橫掃)RX Mapping'!AZ13<=240), (-1)*('(橫掃)RX Mapping'!AZ13-240),IF(AND('(橫掃)RX Mapping'!AZ13>=241,'(橫掃)RX Mapping'!AZ13<=360), ('(橫掃)RX Mapping'!AZ13-241),IF(AND('(橫掃)RX Mapping'!AZ13>=361,'(橫掃)RX Mapping'!AZ13<=480), (-1)*('(橫掃)RX Mapping'!AZ13-480),IF(AND('(橫掃)RX Mapping'!AZ13>=481,'(橫掃)RX Mapping'!AZ13<=600), ('(橫掃)RX Mapping'!AZ13-361),IF(AND('(橫掃)RX Mapping'!AZ13>=601,'(橫掃)RX Mapping'!AZ13<=720), (-1)*('(橫掃)RX Mapping'!AZ13-720)+120,IF(AND('(橫掃)RX Mapping'!AZ13>=721,'(橫掃)RX Mapping'!AZ13<=840), ('(橫掃)RX Mapping'!AZ13-601),IF(AND('(橫掃)RX Mapping'!AZ13>=841,'(橫掃)RX Mapping'!AZ13<=960), (-1)*('(橫掃)RX Mapping'!AZ13-960)+120,9999)))))))) -> 9999 | BA13: =IF(AND('(橫掃)RX Mapping'!BA13>=1,'(橫掃)RX Mapping'!BA13<=120), ('(橫掃)RX Mapping'!BA13-1),IF(AND('(橫掃)RX Mapping'!BA13>=121,'(橫掃)RX Mapping'!BA13<=240), (-1)*('(橫掃)RX Mapping'!BA13-240),IF(AND('(橫掃)RX Mapping'!BA13>=241,'(橫掃)RX Mapping'!BA13<=360), ('(橫掃)RX Mapping'!BA13-241),IF(AND('(橫掃)RX Mapping'!BA13>=361,'(橫掃)RX Mapping'!BA13<=480), (-1)*('(橫掃)RX Mapping'!BA13-480),IF(AND('(橫掃)RX Mapping'!BA13>=481,'(橫掃)RX Mapping'!BA13<=600), ('(橫掃)RX Mapping'!BA13-361),IF(AND('(橫掃)RX Mapping'!BA13>=601,'(橫掃)RX Mapping'!BA13<=720), (-1)*('(橫掃)RX Mapping'!BA13-720)+120,IF(AND('(橫掃)RX Mapping'!BA13>=721,'(橫掃)RX Mapping'!BA13<=840), ('(橫掃)RX Mapping'!BA13-601),IF(AND('(橫掃)RX Mapping'!BA13>=841,'(橫掃)RX Mapping'!BA13<=960), (-1)*('(橫掃)RX Mapping'!BA13-960)+120,9999)))))))) -> 9999 | ... BI13: =IF(AND('(橫掃)RX Mapping'!BI13>=1,'(橫掃)RX Mapping'!BI13<=120), ('(橫掃)RX Mapping'!BI13-1),IF(AND('(橫掃)RX Mapping'!BI13>=121,'(橫掃)RX Mapping'!BI13<=240), (-1)*('(橫掃)RX Mapping'!BI13-240),IF(AND('(橫掃)RX Mapping'!BI13>=241,'(橫掃)RX Mapping'!BI13<=360), ('(橫掃)RX Mapping'!BI13-241),IF(AND('(橫掃)RX Mapping'!BI13>=361,'(橫掃)RX Mapping'!BI13<=480), (-1)*('(橫掃)RX Mapping'!BI13-480),IF(AND('(橫掃)RX Mapping'!BI13>=481,'(橫掃)RX Mapping'!BI13<=600), ('(橫掃)RX Mapping'!BI13-361),IF(AND('(橫掃)RX Mapping'!BI13>=601,'(橫掃)RX Mapping'!BI13<=720), (-1)*('(橫掃)RX Mapping'!BI13-720)+120,IF(AND('(橫掃)RX Mapping'!BI13>=721,'(橫掃)RX Mapping'!BI13<=840), ('(橫掃)RX Mapping'!BI13-601),IF(AND('(橫掃)RX Mapping'!BI13>=841,'(橫掃)RX Mapping'!BI13<=960), (-1)*('(橫掃)RX Mapping'!BI13-960)+120,9999)))))))) -> 9999
... A30: 29 | B30: =IF( (AND('(直掃)RX Mapping'!B30>=0,'(直掃)RX Mapping'!B30<=480)), (MOD('(直掃)RX Mapping'!B30,120)-1), IF( (AND('(直掃)RX Mapping'!B30>=480,'(直掃)RX Mapping'!B30<=960)), IF(MOD('(直掃)RX Mapping'!B30,120)=0, 120, 240-MOD('(直掃)RX Mapping'!B30,120)),9999))+IF(AND(MOD('(直掃)RX Mapping'!B30,120)=0, '(直掃)RX Mapping'!B30 <= 480, '(直掃)RX Mapping'!B30 > 0), 120) -> 148 | C30: =IF( (AND('(直掃)RX Mapping'!C30>=0,'(直掃)RX Mapping'!C30<=480)), (MOD('(直掃)RX Mapping'!C30,120)-1), IF( (AND('(直掃)RX Mapping'!C30>=480,'(直掃)RX Mapping'!C30<=960)), IF(MOD('(直掃)RX Mapping'!C30,120)=0, 120, 240-MOD('(直掃)RX Mapping'!C30,120)),9999))+IF(AND(MOD('(直掃)RX Mapping'!C30,120)=0, '(直掃)RX Mapping'!C30 <= 480, '(直掃)RX Mapping'!C30 > 0), 120) -> 178 | D30: =IF( (AND('(直掃)RX Mapping'!D30>=0,'(直掃)RX Mapping'!D30<=480)), (MOD('(直掃)RX Mapping'!D30,120)-1), IF( (AND('(直掃)RX Mapping'!D30>=480,'(直掃)RX Mapping'!D30<=960)), IF(MOD('(直掃)RX Mapping'!D30,120)=0, 120, 240-MOD('(直掃)RX Mapping'!D30,120)),9999))+IF(AND(MOD('(直掃)RX Mapping'!D30,120)=0, '(直掃)RX Mapping'!D30 <= 480, '(直掃)RX Mapping'!D30 > 0), 120) -> 208 | E30: =IF( (AND('(直掃)RX Mapping'!E30>=0,'(直掃)RX Mapping'!E30<=480)), (MOD('(直掃)RX Mapping'!E30,120)-1), IF( (AND('(直掃)RX Mapping'!E30>=480,'(直掃)RX Mapping'!E30<=960)), IF(MOD('(直掃)RX Mapping'!E30,120)=0, 120, 240-MOD('(直掃)RX Mapping'!E30,120)),9999))+IF(AND(MOD('(直掃)RX Mapping'!E30,120)=0, '(直掃)RX Mapping'!E30 <= 480, '(直掃)RX Mapping'!E30 > 0), 120) -> 148 | F30: =IF( (AND('(直掃)RX Mapping'!F30>=0,'(直掃)RX Mapping'!F30<=480)), (MOD('(直掃)RX Mapping'!F30,120)-1), IF( (AND('(直掃)RX Mapping'!F30>=480,'(直掃)RX Mapping'!F30<=960)), IF(MOD('(直掃)RX Mapping'!F30,120)=0, 120, 240-MOD('(直掃)RX Mapping'!F30,120)),9999))+IF(AND(MOD('(直掃)RX Mapping'!F30,120)=0, '(直掃)RX Mapping'!F30 <= 480, '(直掃)RX Mapping'!F30 > 0), 120) -> 178 | G30: =IF( (AND('(直掃)RX Mapping'!G30>=0,'(直掃)RX Mapping'!G30<=480)), (MOD('(直掃)RX Mapping'!G30,120)-1), IF( (AND('(直掃)RX Mapping'!G30>=480,'(直掃)RX Mapping'!G30<=960)), IF(MOD('(直掃)RX Mapping'!G30,120)=0, 120, 240-MOD('(直掃)RX Mapping'!G30,120)),9999))+IF(AND(MOD('(直掃)RX Mapping'!G30,120)=0, '(直掃)RX Mapping'!G30 <= 480, '(直掃)RX Mapping'!G30 > 0), 120) -> 208 | H30: =IF( (AND('(直掃)RX Mapping'!H30>=0,'(直掃)RX Mapping'!H30<=480)), (MOD('(直掃)RX Mapping'!H30,120)-1), IF( (AND('(直掃)RX Mapping'!H30>=480,'(直掃)RX Mapping'!H30<=960)), IF(MOD('(直掃)RX Mapping'!H30,120)=0, 120, 240-MOD('(直掃)RX Mapping'!H30,120)),9999))+IF(AND(MOD('(直掃)RX Mapping'!H30,120)=0, '(直掃)RX Mapping'!H30 <= 480, '(直掃)RX Mapping'!H30 > 0), 120) -> 148 | I30: =IF( (AND('(直掃)RX Mapping'!I30>=0,'(直掃)RX Mapping'!I30<=480)), (MOD('(直掃)RX Mapping'!I30,120)-1), IF( (AND('(直掃)RX Mapping'!I30>=480,'(直掃)RX Mapping'!I30<=960)), IF(MOD('(直掃)RX Mapping'!I30,120)=0, 120, 240-MOD('(直掃)RX Mapping'!I30,120)),9999))+IF(AND(MOD('(直掃)RX Mapping'!I30,120)=0, '(直掃)RX Mapping'!I30 <= 480, '(直掃)RX Mapping'!I30 > 0), 120) -> 178 | ... AS30: =IF( (AND('(直掃)RX Mapping'!AS30>=0,'(直掃)RX Mapping'!AS30<=480)), (MOD('(直掃)RX Mapping'!AS30,120)-1), IF( (AND('(直掃)RX Mapping'!AS30>=480,'(直掃)RX Mapping'!AS30<=960)), IF(MOD('(直掃)RX Mapping'!AS30,120)=0, 120, 240-MOD('(直掃)RX Mapping'!AS30,120)),9999))+IF(AND(MOD('(直掃)RX Mapping'!AS30,120)=0, '(直掃)RX Mapping'!AS30 <= 480, '(直掃)RX Mapping'!AS30 > 0), 120) -> -1 | AT30: =IF(AND('(橫掃)RX Mapping'!AT30>=1,'(橫掃)RX Mapping'!AT30<=120), ('(橫掃)RX Mapping'!AT30-1),IF(AND('(橫掃)RX Mapping'!AT30>=121,'(橫掃)RX Mapping'!AT30<=240), (-1)*('(橫掃)RX Mapping'!AT30-240),IF(AND('(橫掃)RX Mapping'!AT30>=241,'(橫掃)RX Mapping'!AT30<=360), ('(橫掃)RX Mapping'!AT30-241),IF(AND('(橫掃)RX Mapping'!AT30>=361,'(橫掃)RX Mapping'!AT30<=480), (-1)*('(橫掃)RX Mapping'!AT30-480),IF(AND('(橫掃)RX Mapping'!AT30>=481,'(橫掃)RX Mapping'!AT30<=600), ('(橫掃)RX Mapping'!AT30-361),IF(AND('(橫掃)RX Mapping'!AT30>=601,'(橫掃)RX Mapping'!AT30<=720), (-1)*('(橫掃)RX Mapping'!AT30-720)+120,IF(AND('(橫掃)RX Mapping'!AT30>=721,'(橫掃)RX Mapping'!AT30<=840), ('(橫掃)RX Mapping'!AT30-601),IF(AND('(橫掃)RX Mapping'!AT30>=841,'(橫掃)RX Mapping'!AT30<=960), (-1)*('(橫掃)RX Mapping'!AT30-960)+120,9999)))))))) -> 9999 | AU30: =IF(AND('(橫掃)RX Mapping'!AU30>=1,'(橫掃)RX Mapping'!AU30<=120), ('(橫掃)RX Mapping'!AU30-1),IF(AND('(橫掃)RX Mapping'!AU30>=121,'(橫掃)RX Mapping'!AU30<=240), (-1)*('(橫掃)RX Mapping'!AU30-240),IF(AND('(橫掃)RX Mapping'!AU30>=241,'(橫掃)RX Mapping'!AU30<=360), ('(橫掃)RX Mapping'!AU30-241),IF(AND('(橫掃)RX Mapping'!AU30>=361,'(橫掃)RX Mapping'!AU30<=480), (-1)*('(橫掃)RX Mapping'!AU30-480),IF(AND('(橫掃)RX Mapping'!AU30>=481,'(橫掃)RX Mapping'!AU30<=600), ('(橫掃)RX Mapping'!AU30-361),IF(AND('(橫掃)RX Mapping'!AU30>=601,'(橫掃)RX Mapping'!AU30<=720), (-1)*('(橫掃)RX Mapping'!AU30-720)+120,IF(AND('(橫掃)RX Mapping'!AU30>=721,'(橫掃)RX Mapping'!AU30<=840), ('(橫掃)RX Mapping'!AU30-601),IF(AND('(橫掃)RX Mapping'!AU30>=841,'(橫掃)RX Mapping'!AU30<=960), (-1)*('(橫掃)RX Mapping'!AU30-960)+120,9999)))))))) -> 9999 | AV30: =IF(AND('(橫掃)RX Mapping'!AV30>=1,'(橫掃)RX Mapping'!AV30<=120), ('(橫掃)RX Mapping'!AV30-1),IF(AND('(橫掃)RX Mapping'!AV30>=121,'(橫掃)RX Mapping'!AV30<=240), (-1)*('(橫掃)RX Mapping'!AV30-240),IF(AND('(橫掃)RX Mapping'!AV30>=241,'(橫掃)RX Mapping'!AV30<=360), ('(橫掃)RX Mapping'!AV30-241),IF(AND('(橫掃)RX Mapping'!AV30>=361,'(橫掃)RX Mapping'!AV30<=480), (-1)*('(橫掃)RX Mapping'!AV30-480),IF(AND('(橫掃)RX Mapping'!AV30>=481,'(橫掃)RX Mapping'!AV30<=600), ('(橫掃)RX Mapping'!AV30-361),IF(AND('(橫掃)RX Mapping'!AV30>=601,'(橫掃)RX Mapping'!AV30<=720), (-1)*('(橫掃)RX Mapping'!AV30-720)+120,IF(AND('(橫掃)RX Mapping'!AV30>=721,'(橫掃)RX Mapping'!AV30<=840), ('(橫掃)RX Mapping'!AV30-601),IF(AND('(橫掃)RX Mapping'!AV30>=841,'(橫掃)RX Mapping'!AV30<=960), (-1)*('(橫掃)RX Mapping'!AV30-960)+120,9999)))))))) -> 9999 | AW30: =IF(AND('(橫掃)RX Mapping'!AW30>=1,'(橫掃)RX Mapping'!AW30<=120), ('(橫掃)RX Mapping'!AW30-1),IF(AND('(橫掃)RX Mapping'!AW30>=121,'(橫掃)RX Mapping'!AW30<=240), (-1)*('(橫掃)RX Mapping'!AW30-240),IF(AND('(橫掃)RX Mapping'!AW30>=241,'(橫掃)RX Mapping'!AW30<=360), ('(橫掃)RX Mapping'!AW30-241),IF(AND('(橫掃)RX Mapping'!AW30>=361,'(橫掃)RX Mapping'!AW30<=480), (-1)*('(橫掃)RX Mapping'!AW30-480),IF(AND('(橫掃)RX Mapping'!AW30>=481,'(橫掃)RX Mapping'!AW30<=600), ('(橫掃)RX Mapping'!AW30-361),IF(AND('(橫掃)RX Mapping'!AW30>=601,'(橫掃)RX Mapping'!AW30<=720), (-1)*('(橫掃)RX Mapping'!AW30-720)+120,IF(AND('(橫掃)RX Mapping'!AW30>=721,'(橫掃)RX Mapping'!AW30<=840), ('(橫掃)RX Mapping'!AW30-601),IF(AND('(橫掃)RX Mapping'!AW30>=841,'(橫掃)RX Mapping'!AW30<=960), (-1)*('(橫掃)RX Mapping'!AW30-960)+120,9999)))))))) -> 9999 | AX30: =IF(AND('(橫掃)RX Mapping'!AX30>=1,'(橫掃)RX Mapping'!AX30<=120), ('(橫掃)RX Mapping'!AX30-1),IF(AND('(橫掃)RX Mapping'!AX30>=121,'(橫掃)RX Mapping'!AX30<=240), (-1)*('(橫掃)RX Mapping'!AX30-240),IF(AND('(橫掃)RX Mapping'!AX30>=241,'(橫掃)RX Mapping'!AX30<=360), ('(橫掃)RX Mapping'!AX30-241),IF(AND('(橫掃)RX Mapping'!AX30>=361,'(橫掃)RX Mapping'!AX30<=480), (-1)*('(橫掃)RX Mapping'!AX30-480),IF(AND('(橫掃)RX Mapping'!AX30>=481,'(橫掃)RX Mapping'!AX30<=600), ('(橫掃)RX Mapping'!AX30-361),IF(AND('(橫掃)RX Mapping'!AX30>=601,'(橫掃)RX Mapping'!AX30<=720), (-1)*('(橫掃)RX Mapping'!AX30-720)+120,IF(AND('(橫掃)RX Mapping'!AX30>=721,'(橫掃)RX Mapping'!AX30<=840), ('(橫掃)RX Mapping'!AX30-601),IF(AND('(橫掃)RX Mapping'!AX30>=841,'(橫掃)RX Mapping'!AX30<=960), (-1)*('(橫掃)RX Mapping'!AX30-960)+120,9999)))))))) -> 9999 | AY30: =IF(AND('(橫掃)RX Mapping'!AY30>=1,'(橫掃)RX Mapping'!AY30<=120), ('(橫掃)RX Mapping'!AY30-1),IF(AND('(橫掃)RX Mapping'!AY30>=121,'(橫掃)RX Mapping'!AY30<=240), (-1)*('(橫掃)RX Mapping'!AY30-240),IF(AND('(橫掃)RX Mapping'!AY30>=241,'(橫掃)RX Mapping'!AY30<=360), ('(橫掃)RX Mapping'!AY30-241),IF(AND('(橫掃)RX Mapping'!AY30>=361,'(橫掃)RX Mapping'!AY30<=480), (-1)*('(橫掃)RX Mapping'!AY30-480),IF(AND('(橫掃)RX Mapping'!AY30>=481,'(橫掃)RX Mapping'!AY30<=600), ('(橫掃)RX Mapping'!AY30-361),IF(AND('(橫掃)RX Mapping'!AY30>=601,'(橫掃)RX Mapping'!AY30<=720), (-1)*('(橫掃)RX Mapping'!AY30-720)+120,IF(AND('(橫掃)RX Mapping'!AY30>=721,'(橫掃)RX Mapping'!AY30<=840), ('(橫掃)RX Mapping'!AY30-601),IF(AND('(橫掃)RX Mapping'!AY30>=841,'(橫掃)RX Mapping'!AY30<=960), (-1)*('(橫掃)RX Mapping'!AY30-960)+120,9999)))))))) -> 9999 | AZ30: =IF(AND('(橫掃)RX Mapping'!AZ30>=1,'(橫掃)RX Mapping'!AZ30<=120), ('(橫掃)RX Mapping'!AZ30-1),IF(AND('(橫掃)RX Mapping'!AZ30>=121,'(橫掃)RX Mapping'!AZ30<=240), (-1)*('(橫掃)RX Mapping'!AZ30-240),IF(AND('(橫掃)RX Mapping'!AZ30>=241,'(橫掃)RX Mapping'!AZ30<=360), ('(橫掃)RX Mapping'!AZ30-241),IF(AND('(橫掃)RX Mapping'!AZ30>=361,'(橫掃)RX Mapping'!AZ30<=480), (-1)*('(橫掃)RX Mapping'!AZ30-480),IF(AND('(橫掃)RX Mapping'!AZ30>=481,'(橫掃)RX Mapping'!AZ30<=600), ('(橫掃)RX Mapping'!AZ30-361),IF(AND('(橫掃)RX Mapping'!AZ30>=601,'(橫掃)RX Mapping'!AZ30<=720), (-1)*('(橫掃)RX Mapping'!AZ30-720)+120,IF(AND('(橫掃)RX Mapping'!AZ30>=721,'(橫掃)RX Mapping'!AZ30<=840), ('(橫掃)RX Mapping'!AZ30-601),IF(AND('(橫掃)RX Mapping'!AZ30>=841,'(橫掃)RX Mapping'!AZ30<=960), (-1)*('(橫掃)RX Mapping'!AZ30-960)+120,9999)))))))) -> 9999 | BA30: =IF(AND('(橫掃)RX Mapping'!BA30>=1,'(橫掃)RX Mapping'!BA30<=120), ('(橫掃)RX Mapping'!BA30-1),IF(AND('(橫掃)RX Mapping'!BA30>=121,'(橫掃)RX Mapping'!BA30<=240), (-1)*('(橫掃)RX Mapping'!BA30-240),IF(AND('(橫掃)RX Mapping'!BA30>=241,'(橫掃)RX Mapping'!BA30<=360), ('(橫掃)RX Mapping'!BA30-241),IF(AND('(橫掃)RX Mapping'!BA30>=361,'(橫掃)RX Mapping'!BA30<=480), (-1)*('(橫掃)RX Mapping'!BA30-480),IF(AND('(橫掃)RX Mapping'!BA30>=481,'(橫掃)RX Mapping'!BA30<=600), ('(橫掃)RX Mapping'!BA30-361),IF(AND('(橫掃)RX Mapping'!BA30>=601,'(橫掃)RX Mapping'!BA30<=720), (-1)*('(橫掃)RX Mapping'!BA30-720)+120,IF(AND('(橫掃)RX Mapping'!BA30>=721,'(橫掃)RX Mapping'!BA30<=840), ('(橫掃)RX Mapping'!BA30-601),IF(AND('(橫掃)RX Mapping'!BA30>=841,'(橫掃)RX Mapping'!BA30<=960), (-1)*('(橫掃)RX Mapping'!BA30-960)+120,9999)))))))) -> 9999 | ... BI30: =IF(AND('(橫掃)RX Mapping'!BI30>=1,'(橫掃)RX Mapping'!BI30<=120), ('(橫掃)RX Mapping'!BI30-1),IF(AND('(橫掃)RX Mapping'!BI30>=121,'(橫掃)RX Mapping'!BI30<=240), (-1)*('(橫掃)RX Mapping'!BI30-240),IF(AND('(橫掃)RX Mapping'!BI30>=241,'(橫掃)RX Mapping'!BI30<=360), ('(橫掃)RX Mapping'!BI30-241),IF(AND('(橫掃)RX Mapping'!BI30>=361,'(橫掃)RX Mapping'!BI30<=480), (-1)*('(橫掃)RX Mapping'!BI30-480),IF(AND('(橫掃)RX Mapping'!BI30>=481,'(橫掃)RX Mapping'!BI30<=600), ('(橫掃)RX Mapping'!BI30-361),IF(AND('(橫掃)RX Mapping'!BI30>=601,'(橫掃)RX Mapping'!BI30<=720), (-1)*('(橫掃)RX Mapping'!BI30-720)+120,IF(AND('(橫掃)RX Mapping'!BI30>=721,'(橫掃)RX Mapping'!BI30<=840), ('(橫掃)RX Mapping'!BI30-601),IF(AND('(橫掃)RX Mapping'!BI30>=841,'(橫掃)RX Mapping'!BI30<=960), (-1)*('(橫掃)RX Mapping'!BI30-960)+120,9999)))))))) -> 9999
A31: 30 | B31: =IF( (AND('(直掃)RX Mapping'!B31>=0,'(直掃)RX Mapping'!B31<=480)), (MOD('(直掃)RX Mapping'!B31,120)-1), IF( (AND('(直掃)RX Mapping'!B31>=480,'(直掃)RX Mapping'!B31<=960)), IF(MOD('(直掃)RX Mapping'!B31,120)=0, 120, 240-MOD('(直掃)RX Mapping'!B31,120)),9999))+IF(AND(MOD('(直掃)RX Mapping'!B31,120)=0, '(直掃)RX Mapping'!B31 <= 480, '(直掃)RX Mapping'!B31 > 0), 120) -> 149 | C31: =IF( (AND('(直掃)RX Mapping'!C31>=0,'(直掃)RX Mapping'!C31<=480)), (MOD('(直掃)RX Mapping'!C31,120)-1), IF( (AND('(直掃)RX Mapping'!C31>=480,'(直掃)RX Mapping'!C31<=960)), IF(MOD('(直掃)RX Mapping'!C31,120)=0, 120, 240-MOD('(直掃)RX Mapping'!C31,120)),9999))+IF(AND(MOD('(直掃)RX Mapping'!C31,120)=0, '(直掃)RX Mapping'!C31 <= 480, '(直掃)RX Mapping'!C31 > 0), 120) -> 179 | D31: =IF( (AND('(直掃)RX Mapping'!D31>=0,'(直掃)RX Mapping'!D31<=480)), (MOD('(直掃)RX Mapping'!D31,120)-1), IF( (AND('(直掃)RX Mapping'!D31>=480,'(直掃)RX Mapping'!D31<=960)), IF(MOD('(直掃)RX Mapping'!D31,120)=0, 120, 240-MOD('(直掃)RX Mapping'!D31,120)),9999))+IF(AND(MOD('(直掃)RX Mapping'!D31,120)=0, '(直掃)RX Mapping'!D31 <= 480, '(直掃)RX Mapping'!D31 > 0), 120) -> 209 | E31: =IF( (AND('(直掃)RX Mapping'!E31>=0,'(直掃)RX Mapping'!E31<=480)), (MOD('(直掃)RX Mapping'!E31,120)-1), IF( (AND('(直掃)RX Mapping'!E31>=480,'(直掃)RX Mapping'!E31<=960)), IF(MOD('(直掃)RX Mapping'!E31,120)=0, 120, 240-MOD('(直掃)RX Mapping'!E31,120)),9999))+IF(AND(MOD('(直掃)RX Mapping'!E31,120)=0, '(直掃)RX Mapping'!E31 <= 480, '(直掃)RX Mapping'!E31 > 0), 120) -> 149 | F31: =IF( (AND('(直掃)RX Mapping'!F31>=0,'(直掃)RX Mapping'!F31<=480)), (MOD('(直掃)RX Mapping'!F31,120)-1), IF( (AND('(直掃)RX Mapping'!F31>=480,'(直掃)RX Mapping'!F31<=960)), IF(MOD('(直掃)RX Mapping'!F31,120)=0, 120, 240-MOD('(直掃)RX Mapping'!F31,120)),9999))+IF(AND(MOD('(直掃)RX Mapping'!F31,120)=0, '(直掃)RX Mapping'!F31 <= 480, '(直掃)RX Mapping'!F31 > 0), 120) -> 179 | G31: =IF( (AND('(直掃)RX Mapping'!G31>=0,'(直掃)RX Mapping'!G31<=480)), (MOD('(直掃)RX Mapping'!G31,120)-1), IF( (AND('(直掃)RX Mapping'!G31>=480,'(直掃)RX Mapping'!G31<=960)), IF(MOD('(直掃)RX Mapping'!G31,120)=0, 120, 240-MOD('(直掃)RX Mapping'!G31,120)),9999))+IF(AND(MOD('(直掃)RX Mapping'!G31,120)=0, '(直掃)RX Mapping'!G31 <= 480, '(直掃)RX Mapping'!G31 > 0), 120) -> 209 | H31: =IF( (AND('(直掃)RX Mapping'!H31>=0,'(直掃)RX Mapping'!H31<=480)), (MOD('(直掃)RX Mapping'!H31,120)-1), IF( (AND('(直掃)RX Mapping'!H31>=480,'(直掃)RX Mapping'!H31<=960)), IF(MOD('(直掃)RX Mapping'!H31,120)=0, 120, 240-MOD('(直掃)RX Mapping'!H31,120)),9999))+IF(AND(MOD('(直掃)RX Mapping'!H31,120)=0, '(直掃)RX Mapping'!H31 <= 480, '(直掃)RX Mapping'!H31 > 0), 120) -> 149 | I31: =IF( (AND('(直掃)RX Mapping'!I31>=0,'(直掃)RX Mapping'!I31<=480)), (MOD('(直掃)RX Mapping'!I31,120)-1), IF( (AND('(直掃)RX Mapping'!I31>=480,'(直掃)RX Mapping'!I31<=960)), IF(MOD('(直掃)RX Mapping'!I31,120)=0, 120, 240-MOD('(直掃)RX Mapping'!I31,120)),9999))+IF(AND(MOD('(直掃)RX Mapping'!I31,120)=0, '(直掃)RX Mapping'!I31 <= 480, '(直掃)RX Mapping'!I31 > 0), 120) -> 179 | ... AS31: =IF( (AND('(直掃)RX Mapping'!AS31>=0,'(直掃)RX Mapping'!AS31<=480)), (MOD('(直掃)RX Mapping'!AS31,120)-1), IF( (AND('(直掃)RX Mapping'!AS31>=480,'(直掃)RX Mapping'!AS31<=960)), IF(MOD('(直掃)RX Mapping'!AS31,120)=0, 120, 240-MOD('(直掃)RX Mapping'!AS31,120)),9999))+IF(AND(MOD('(直掃)RX Mapping'!AS31,120)=0, '(直掃)RX Mapping'!AS31 <= 480, '(直掃)RX Mapping'!AS31 > 0), 120) -> -1 | AT31: =IF(AND('(橫掃)RX Mapping'!AT31>=1,'(橫掃)RX Mapping'!AT31<=120), ('(橫掃)RX Mapping'!AT31-1),IF(AND('(橫掃)RX Mapping'!AT31>=121,'(橫掃)RX Mapping'!AT31<=240), (-1)*('(橫掃)RX Mapping'!AT31-240),IF(AND('(橫掃)RX Mapping'!AT31>=241,'(橫掃)RX Mapping'!AT31<=360), ('(橫掃)RX Mapping'!AT31-241),IF(AND('(橫掃)RX Mapping'!AT31>=361,'(橫掃)RX Mapping'!AT31<=480), (-1)*('(橫掃)RX Mapping'!AT31-480),IF(AND('(橫掃)RX Mapping'!AT31>=481,'(橫掃)RX Mapping'!AT31<=600), ('(橫掃)RX Mapping'!AT31-361),IF(AND('(橫掃)RX Mapping'!AT31>=601,'(橫掃)RX Mapping'!AT31<=720), (-1)*('(橫掃)RX Mapping'!AT31-720)+120,IF(AND('(橫掃)RX Mapping'!AT31>=721,'(橫掃)RX Mapping'!AT31<=840), ('(橫掃)RX Mapping'!AT31-601),IF(AND('(橫掃)RX Mapping'!AT31>=841,'(橫掃)RX Mapping'!AT31<=960), (-1)*('(橫掃)RX Mapping'!AT31-960)+120,9999)))))))) -> 9999 | AU31: =IF(AND('(橫掃)RX Mapping'!AK2>=1,'(橫掃)RX Mapping'!AK2<=120), ('(橫掃)RX Mapping'!AK2-1),IF(AND('(橫掃)RX Mapping'!AK2>=121,'(橫掃)RX Mapping'!AK2<=240), (-1)*('(橫掃)RX Mapping'!AK2-240),IF(AND('(橫掃)RX Mapping'!AK2>=241,'(橫掃)RX Mapping'!AK2<=360), ('(橫掃)RX Mapping'!AK2-241),IF(AND('(橫掃)RX Mapping'!AK2>=361,'(橫掃)RX Mapping'!AK2<=480), (-1)*('(橫掃)RX Mapping'!AK2-480),IF(AND('(橫掃)RX Mapping'!AK2>=481,'(橫掃)RX Mapping'!AK2<=600), ('(橫掃)RX Mapping'!AK2-361),IF(AND('(橫掃)RX Mapping'!AK2>=601,'(橫掃)RX Mapping'!AK2<=720), (-1)*('(橫掃)RX Mapping'!AK2-720)+120,IF(AND('(橫掃)RX Mapping'!AK2>=721,'(橫掃)RX Mapping'!AK2<=840), ('(橫掃)RX Mapping'!AK2-601),IF(AND('(橫掃)RX Mapping'!AK2>=841,'(橫掃)RX Mapping'!AK2<=960), (-1)*('(橫掃)RX Mapping'!AK2-960)+120,9999)))))))) -> 9999 | AV31: =IF(AND('(橫掃)RX Mapping'!AV31>=1,'(橫掃)RX Mapping'!AV31<=120), ('(橫掃)RX Mapping'!AV31-1),IF(AND('(橫掃)RX Mapping'!AV31>=121,'(橫掃)RX Mapping'!AV31<=240), (-1)*('(橫掃)RX Mapping'!AV31-240),IF(AND('(橫掃)RX Mapping'!AV31>=241,'(橫掃)RX Mapping'!AV31<=360), ('(橫掃)RX Mapping'!AV31-241),IF(AND('(橫掃)RX Mapping'!AV31>=361,'(橫掃)RX Mapping'!AV31<=480), (-1)*('(橫掃)RX Mapping'!AV31-480),IF(AND('(橫掃)RX Mapping'!AV31>=481,'(橫掃)RX Mapping'!AV31<=600), ('(橫掃)RX Mapping'!AV31-361),IF(AND('(橫掃)RX Mapping'!AV31>=601,'(橫掃)RX Mapping'!AV31<=720), (-1)*('(橫掃)RX Mapping'!AV31-720)+120,IF(AND('(橫掃)RX Mapping'!AV31>=721,'(橫掃)RX Mapping'!AV31<=840), ('(橫掃)RX Mapping'!AV31-601),IF(AND('(橫掃)RX Mapping'!AV31>=841,'(橫掃)RX Mapping'!AV31<=960), (-1)*('(橫掃)RX Mapping'!AV31-960)+120,9999)))))))) -> 9999 | AW31: =IF(AND('(橫掃)RX Mapping'!AW31>=1,'(橫掃)RX Mapping'!AW31<=120), ('(橫掃)RX Mapping'!AW31-1),IF(AND('(橫掃)RX Mapping'!AW31>=121,'(橫掃)RX Mapping'!AW31<=240), (-1)*('(橫掃)RX Mapping'!AW31-240),IF(AND('(橫掃)RX Mapping'!AW31>=241,'(橫掃)RX Mapping'!AW31<=360), ('(橫掃)RX Mapping'!AW31-241),IF(AND('(橫掃)RX Mapping'!AW31>=361,'(橫掃)RX Mapping'!AW31<=480), (-1)*('(橫掃)RX Mapping'!AW31-480),IF(AND('(橫掃)RX Mapping'!AW31>=481,'(橫掃)RX Mapping'!AW31<=600), ('(橫掃)RX Mapping'!AW31-361),IF(AND('(橫掃)RX Mapping'!AW31>=601,'(橫掃)RX Mapping'!AW31<=720), (-1)*('(橫掃)RX Mapping'!AW31-720)+120,IF(AND('(橫掃)RX Mapping'!AW31>=721,'(橫掃)RX Mapping'!AW31<=840), ('(橫掃)RX Mapping'!AW31-601),IF(AND('(橫掃)RX Mapping'!AW31>=841,'(橫掃)RX Mapping'!AW31<=960), (-1)*('(橫掃)RX Mapping'!AW31-960)+120,9999)))))))) -> 9999 | AX31: =IF(AND('(橫掃)RX Mapping'!AX31>=1,'(橫掃)RX Mapping'!AX31<=120), ('(橫掃)RX Mapping'!AX31-1),IF(AND('(橫掃)RX Mapping'!AX31>=121,'(橫掃)RX Mapping'!AX31<=240), (-1)*('(橫掃)RX Mapping'!AX31-240),IF(AND('(橫掃)RX Mapping'!AX31>=241,'(橫掃)RX Mapping'!AX31<=360), ('(橫掃)RX Mapping'!AX31-241),IF(AND('(橫掃)RX Mapping'!AX31>=361,'(橫掃)RX Mapping'!AX31<=480), (-1)*('(橫掃)RX Mapping'!AX31-480),IF(AND('(橫掃)RX Mapping'!AX31>=481,'(橫掃)RX Mapping'!AX31<=600), ('(橫掃)RX Mapping'!AX31-361),IF(AND('(橫掃)RX Mapping'!AX31>=601,'(橫掃)RX Mapping'!AX31<=720), (-1)*('(橫掃)RX Mapping'!AX31-720)+120,IF(AND('(橫掃)RX Mapping'!AX31>=721,'(橫掃)RX Mapping'!AX31<=840), ('(橫掃)RX Mapping'!AX31-601),IF(AND('(橫掃)RX Mapping'!AX31>=841,'(橫掃)RX Mapping'!AX31<=960), (-1)*('(橫掃)RX Mapping'!AX31-960)+120,9999)))))))) -> 9999 | AY31: =IF(AND('(橫掃)RX Mapping'!AY31>=1,'(橫掃)RX Mapping'!AY31<=120), ('(橫掃)RX Mapping'!AY31-1),IF(AND('(橫掃)RX Mapping'!AY31>=121,'(橫掃)RX Mapping'!AY31<=240), (-1)*('(橫掃)RX Mapping'!AY31-240),IF(AND('(橫掃)RX Mapping'!AY31>=241,'(橫掃)RX Mapping'!AY31<=360), ('(橫掃)RX Mapping'!AY31-241),IF(AND('(橫掃)RX Mapping'!AY31>=361,'(橫掃)RX Mapping'!AY31<=480), (-1)*('(橫掃)RX Mapping'!AY31-480),IF(AND('(橫掃)RX Mapping'!AY31>=481,'(橫掃)RX Mapping'!AY31<=600), ('(橫掃)RX Mapping'!AY31-361),IF(AND('(橫掃)RX Mapping'!AY31>=601,'(橫掃)RX Mapping'!AY31<=720), (-1)*('(橫掃)RX Mapping'!AY31-720)+120,IF(AND('(橫掃)RX Mapping'!AY31>=721,'(橫掃)RX Mapping'!AY31<=840), ('(橫掃)RX Mapping'!AY31-601),IF(AND('(橫掃)RX Mapping'!AY31>=841,'(橫掃)RX Mapping'!AY31<=960), (-1)*('(橫掃)RX Mapping'!AY31-960)+120,9999)))))))) -> 9999 | AZ31: =IF(AND('(橫掃)RX Mapping'!AZ31>=1,'(橫掃)RX Mapping'!AZ31<=120), ('(橫掃)RX Mapping'!AZ31-1),IF(AND('(橫掃)RX Mapping'!AZ31>=121,'(橫掃)RX Mapping'!AZ31<=240), (-1)*('(橫掃)RX Mapping'!AZ31-240),IF(AND('(橫掃)RX Mapping'!AZ31>=241,'(橫掃)RX Mapping'!AZ31<=360), ('(橫掃)RX Mapping'!AZ31-241),IF(AND('(橫掃)RX Mapping'!AZ31>=361,'(橫掃)RX Mapping'!AZ31<=480), (-1)*('(橫掃)RX Mapping'!AZ31-480),IF(AND('(橫掃)RX Mapping'!AZ31>=481,'(橫掃)RX Mapping'!AZ31<=600), ('(橫掃)RX Mapping'!AZ31-361),IF(AND('(橫掃)RX Mapping'!AZ31>=601,'(橫掃)RX Mapping'!AZ31<=720), (-1)*('(橫掃)RX Mapping'!AZ31-720)+120,IF(AND('(橫掃)RX Mapping'!AZ31>=721,'(橫掃)RX Mapping'!AZ31<=840), ('(橫掃)RX Mapping'!AZ31-601),IF(AND('(橫掃)RX Mapping'!AZ31>=841,'(橫掃)RX Mapping'!AZ31<=960), (-1)*('(橫掃)RX Mapping'!AZ31-960)+120,9999)))))))) -> 9999 | BA31: =IF(AND('(橫掃)RX Mapping'!BA31>=1,'(橫掃)RX Mapping'!BA31<=120), ('(橫掃)RX Mapping'!BA31-1),IF(AND('(橫掃)RX Mapping'!BA31>=121,'(橫掃)RX Mapping'!BA31<=240), (-1)*('(橫掃)RX Mapping'!BA31-240),IF(AND('(橫掃)RX Mapping'!BA31>=241,'(橫掃)RX Mapping'!BA31<=360), ('(橫掃)RX Mapping'!BA31-241),IF(AND('(橫掃)RX Mapping'!BA31>=361,'(橫掃)RX Mapping'!BA31<=480), (-1)*('(橫掃)RX Mapping'!BA31-480),IF(AND('(橫掃)RX Mapping'!BA31>=481,'(橫掃)RX Mapping'!BA31<=600), ('(橫掃)RX Mapping'!BA31-361),IF(AND('(橫掃)RX Mapping'!BA31>=601,'(橫掃)RX Mapping'!BA31<=720), (-1)*('(橫掃)RX Mapping'!BA31-720)+120,IF(AND('(橫掃)RX Mapping'!BA31>=721,'(橫掃)RX Mapping'!BA31<=840), ('(橫掃)RX Mapping'!BA31-601),IF(AND('(橫掃)RX Mapping'!BA31>=841,'(橫掃)RX Mapping'!BA31<=960), (-1)*('(橫掃)RX Mapping'!BA31-960)+120,9999)))))))) -> 9999 | BB31: =IF(AND('(橫掃)RX Mapping'!BB31>=1,'(橫掃)RX Mapping'!BB31<=120), ('(橫掃)RX Mapping'!BB31-1),IF(AND('(橫掃)RX Mapping'!BB31>=121,'(橫掃)RX Mapping'!BB31<=240), (-1)*('(橫掃)RX Mapping'!BB31-240),IF(AND('(橫掃)RX Mapping'!BB31>=241,'(橫掃)RX Mapping'!BB31<=360), ('(橫掃)RX Mapping'!BB31-241),IF(AND('(橫掃)RX Mapping'!BB31>=361,'(橫掃)RX Mapping'!BB31<=480), (-1)*('(橫掃)RX Mapping'!BB31-480),IF(AND('(橫掃)RX Mapping'!BB31>=481,'(橫掃)RX Mapping'!BB31<=600), ('(橫掃)RX Mapping'!BB31-361),IF(AND('(橫掃)RX Mapping'!BB31>=601,'(橫掃)RX Mapping'!BB31<=720), (-1)*('(橫掃)RX Mapping'!BB31-720)+120,IF(AND('(橫掃)RX Mapping'!BB31>=721,'(橫掃)RX Mapping'!BB31<=840), ('(橫掃)RX Mapping'!BB31-601),IF(AND('(橫掃)RX Mapping'!BB31>=841,'(橫掃)RX Mapping'!BB31<=960), (-1)*('(橫掃)RX Mapping'!BB31-960)+120,9999)))))))) -> 9999 | BC31: =IF(AND('(橫掃)RX Mapping'!BC31>=1,'(橫掃)RX Mapping'!BC31<=120), ('(橫掃)RX Mapping'!BC31-1),IF(AND('(橫掃)RX Mapping'!BC31>=121,'(橫掃)RX Mapping'!BC31<=240), (-1)*('(橫掃)RX Mapping'!BC31-240),IF(AND('(橫掃)RX Mapping'!BC31>=241,'(橫掃)RX Mapping'!BC31<=360), ('(橫掃)RX Mapping'!BC31-241),IF(AND('(橫掃)RX Mapping'!BC31>=361,'(橫掃)RX Mapping'!BC31<=480), (-1)*('(橫掃)RX Mapping'!BC31-480),IF(AND('(橫掃)RX Mapping'!BC31>=481,'(橫掃)RX Mapping'!BC31<=600), ('(橫掃)RX Mapping'!BC31-361),IF(AND('(橫掃)RX Mapping'!BC31>=601,'(橫掃)RX Mapping'!BC31<=720), (-1)*('(橫掃)RX Mapping'!BC31-720)+120,IF(AND('(橫掃)RX Mapping'!BC31>=721,'(橫掃)RX Mapping'!BC31<=840), ('(橫掃)RX Mapping'!BC31-601),IF(AND('(橫掃)RX Mapping'!BC31>=841,'(橫掃)RX Mapping'!BC31<=960), (-1)*('(橫掃)RX Mapping'!BC31-960)+120,9999)))))))) -> 9999 | ... BI31: =IF(AND('(橫掃)RX Mapping'!BI31>=1,'(橫掃)RX Mapping'!BI31<=120), ('(橫掃)RX Mapping'!BI31-1),IF(AND('(橫掃)RX Mapping'!BI31>=121,'(橫掃)RX Mapping'!BI31<=240), (-1)*('(橫掃)RX Mapping'!BI31-240),IF(AND('(橫掃)RX Mapping'!BI31>=241,'(橫掃)RX Mapping'!BI31<=360), ('(橫掃)RX Mapping'!BI31-241),IF(AND('(橫掃)RX Mapping'!BI31>=361,'(橫掃)RX Mapping'!BI31<=480), (-1)*('(橫掃)RX Mapping'!BI31-480),IF(AND('(橫掃)RX Mapping'!BI31>=481,'(橫掃)RX Mapping'!BI31<=600), ('(橫掃)RX Mapping'!BI31-361),IF(AND('(橫掃)RX Mapping'!BI31>=601,'(橫掃)RX Mapping'!BI31<=720), (-1)*('(橫掃)RX Mapping'!BI31-720)+120,IF(AND('(橫掃)RX Mapping'!BI31>=721,'(橫掃)RX Mapping'!BI31<=840), ('(橫掃)RX Mapping'!BI31-601),IF(AND('(橫掃)RX Mapping'!BI31>=841,'(橫掃)RX Mapping'!BI31<=960), (-1)*('(橫掃)RX Mapping'!BI31-960)+120,9999)))))))) -> 9999
A32: 31 | B32: =IF( (AND('(直掃)RX Mapping'!B32>=0,'(直掃)RX Mapping'!B32<=480)), (MOD('(直掃)RX Mapping'!B32,120)-1), IF( (AND('(直掃)RX Mapping'!B32>=480,'(直掃)RX Mapping'!B32<=960)), IF(MOD('(直掃)RX Mapping'!B32,120)=0, 120, 240-MOD('(直掃)RX Mapping'!B32,120)),9999))+IF(AND(MOD('(直掃)RX Mapping'!B32,120)=0, '(直掃)RX Mapping'!B32 <= 480, '(直掃)RX Mapping'!B32 > 0), 120) -> -1 | C32: =IF( (AND('(直掃)RX Mapping'!C32>=0,'(直掃)RX Mapping'!C32<=480)), (MOD('(直掃)RX Mapping'!C32,120)-1), IF( (AND('(直掃)RX Mapping'!C32>=480,'(直掃)RX Mapping'!C32<=960)), IF(MOD('(直掃)RX Mapping'!C32,120)=0, 120, 240-MOD('(直掃)RX Mapping'!C32,120)),9999))+IF(AND(MOD('(直掃)RX Mapping'!C32,120)=0, '(直掃)RX Mapping'!C32 <= 480, '(直掃)RX Mapping'!C32 > 0), 120) -> -1 | D32: =IF( (AND('(直掃)RX Mapping'!D32>=0,'(直掃)RX Mapping'!D32<=480)), (MOD('(直掃)RX Mapping'!D32,120)-1), IF( (AND('(直掃)RX Mapping'!D32>=480,'(直掃)RX Mapping'!D32<=960)), IF(MOD('(直掃)RX Mapping'!D32,120)=0, 120, 240-MOD('(直掃)RX Mapping'!D32,120)),9999))+IF(AND(MOD('(直掃)RX Mapping'!D32,120)=0, '(直掃)RX Mapping'!D32 <= 480, '(直掃)RX Mapping'!D32 > 0), 120) -> -1 | E32: =IF( (AND('(直掃)RX Mapping'!E32>=0,'(直掃)RX Mapping'!E32<=480)), (MOD('(直掃)RX Mapping'!E32,120)-1), IF( (AND('(直掃)RX Mapping'!E32>=480,'(直掃)RX Mapping'!E32<=960)), IF(MOD('(直掃)RX Mapping'!E32,120)=0, 120, 240-MOD('(直掃)RX Mapping'!E32,120)),9999))+IF(AND(MOD('(直掃)RX Mapping'!E32,120)=0, '(直掃)RX Mapping'!E32 <= 480, '(直掃)RX Mapping'!E32 > 0), 120) -> -1 | F32: =IF( (AND('(直掃)RX Mapping'!F32>=0,'(直掃)RX Mapping'!F32<=480)), (MOD('(直掃)RX Mapping'!F32,120)-1), IF( (AND('(直掃)RX Mapping'!F32>=480,'(直掃)RX Mapping'!F32<=960)), IF(MOD('(直掃)RX Mapping'!F32,120)=0, 120, 240-MOD('(直掃)RX Mapping'!F32,120)),9999))+IF(AND(MOD('(直掃)RX Mapping'!F32,120)=0, '(直掃)RX Mapping'!F32 <= 480, '(直掃)RX Mapping'!F32 > 0), 120) -> -1 | G32: =IF( (AND('(直掃)RX Mapping'!G32>=0,'(直掃)RX Mapping'!G32<=480)), (MOD('(直掃)RX Mapping'!G32,120)-1), IF( (AND('(直掃)RX Mapping'!G32>=480,'(直掃)RX Mapping'!G32<=960)), IF(MOD('(直掃)RX Mapping'!G32,120)=0, 120, 240-MOD('(直掃)RX Mapping'!G32,120)),9999))+IF(AND(MOD('(直掃)RX Mapping'!G32,120)=0, '(直掃)RX Mapping'!G32 <= 480, '(直掃)RX Mapping'!G32 > 0), 120) -> -1 | H32: =IF( (AND('(直掃)RX Mapping'!H32>=0,'(直掃)RX Mapping'!H32<=480)), (MOD('(直掃)RX Mapping'!H32,120)-1), IF( (AND('(直掃)RX Mapping'!H32>=480,'(直掃)RX Mapping'!H32<=960)), IF(MOD('(直掃)RX Mapping'!H32,120)=0, 120, 240-MOD('(直掃)RX Mapping'!H32,120)),9999))+IF(AND(MOD('(直掃)RX Mapping'!H32,120)=0, '(直掃)RX Mapping'!H32 <= 480, '(直掃)RX Mapping'!H32 > 0), 120) -> -1 | I32: =IF( (AND('(直掃)RX Mapping'!I32>=0,'(直掃)RX Mapping'!I32<=480)), (MOD('(直掃)RX Mapping'!I32,120)-1), IF( (AND('(直掃)RX Mapping'!I32>=480,'(直掃)RX Mapping'!I32<=960)), IF(MOD('(直掃)RX Mapping'!I32,120)=0, 120, 240-MOD('(直掃)RX Mapping'!I32,120)),9999))+IF(AND(MOD('(直掃)RX Mapping'!I32,120)=0, '(直掃)RX Mapping'!I32 <= 480, '(直掃)RX Mapping'!I32 > 0), 120) -> -1 | ... AS32: =IF( (AND('(直掃)RX Mapping'!AS32>=0,'(直掃)RX Mapping'!AS32<=480)), (MOD('(直掃)RX Mapping'!AS32,120)-1), IF( (AND('(直掃)RX Mapping'!AS32>=480,'(直掃)RX Mapping'!AS32<=960)), IF(MOD('(直掃)RX Mapping'!AS32,120)=0, 120, 240-MOD('(直掃)RX Mapping'!AS32,120)),9999))+IF(AND(MOD('(直掃)RX Mapping'!AS32,120)=0, '(直掃)RX Mapping'!AS32 <= 480, '(直掃)RX Mapping'!AS32 > 0), 120) -> -1 | AT32: =IF(AND('(橫掃)RX Mapping'!AT32>=1,'(橫掃)RX Mapping'!AT32<=120), ('(橫掃)RX Mapping'!AT32-1),IF(AND('(橫掃)RX Mapping'!AT32>=121,'(橫掃)RX Mapping'!AT32<=240), (-1)*('(橫掃)RX Mapping'!AT32-240),IF(AND('(橫掃)RX Mapping'!AT32>=241,'(橫掃)RX Mapping'!AT32<=360), ('(橫掃)RX Mapping'!AT32-241),IF(AND('(橫掃)RX Mapping'!AT32>=361,'(橫掃)RX Mapping'!AT32<=480), (-1)*('(橫掃)RX Mapping'!AT32-480),IF(AND('(橫掃)RX Mapping'!AT32>=481,'(橫掃)RX Mapping'!AT32<=600), ('(橫掃)RX Mapping'!AT32-361),IF(AND('(橫掃)RX Mapping'!AT32>=601,'(橫掃)RX Mapping'!AT32<=720), (-1)*('(橫掃)RX Mapping'!AT32-720)+120,IF(AND('(橫掃)RX Mapping'!AT32>=721,'(橫掃)RX Mapping'!AT32<=840), ('(橫掃)RX Mapping'!AT32-601),IF(AND('(橫掃)RX Mapping'!AT32>=841,'(橫掃)RX Mapping'!AT32<=960), (-1)*('(橫掃)RX Mapping'!AT32-960)+120,9999)))))))) -> 9999 | AU32: =IF(AND('(橫掃)RX Mapping'!AK3>=1,'(橫掃)RX Mapping'!AK3<=120), ('(橫掃)RX Mapping'!AK3-1),IF(AND('(橫掃)RX Mapping'!AK3>=121,'(橫掃)RX Mapping'!AK3<=240), (-1)*('(橫掃)RX Mapping'!AK3-240),IF(AND('(橫掃)RX Mapping'!AK3>=241,'(橫掃)RX Mapping'!AK3<=360), ('(橫掃)RX Mapping'!AK3-241),IF(AND('(橫掃)RX Mapping'!AK3>=361,'(橫掃)RX Mapping'!AK3<=480), (-1)*('(橫掃)RX Mapping'!AK3-480),IF(AND('(橫掃)RX Mapping'!AK3>=481,'(橫掃)RX Mapping'!AK3<=600), ('(橫掃)RX Mapping'!AK3-361),IF(AND('(橫掃)RX Mapping'!AK3>=601,'(橫掃)RX Mapping'!AK3<=720), (-1)*('(橫掃)RX Mapping'!AK3-720)+120,IF(AND('(橫掃)RX Mapping'!AK3>=721,'(橫掃)RX Mapping'!AK3<=840), ('(橫掃)RX Mapping'!AK3-601),IF(AND('(橫掃)RX Mapping'!AK3>=841,'(橫掃)RX Mapping'!AK3<=960), (-1)*('(橫掃)RX Mapping'!AK3-960)+120,9999)))))))) -> 9999 | AV32: =IF(AND('(橫掃)RX Mapping'!AV32>=1,'(橫掃)RX Mapping'!AV32<=120), ('(橫掃)RX Mapping'!AV32-1),IF(AND('(橫掃)RX Mapping'!AV32>=121,'(橫掃)RX Mapping'!AV32<=240), (-1)*('(橫掃)RX Mapping'!AV32-240),IF(AND('(橫掃)RX Mapping'!AV32>=241,'(橫掃)RX Mapping'!AV32<=360), ('(橫掃)RX Mapping'!AV32-241),IF(AND('(橫掃)RX Mapping'!AV32>=361,'(橫掃)RX Mapping'!AV32<=480), (-1)*('(橫掃)RX Mapping'!AV32-480),IF(AND('(橫掃)RX Mapping'!AV32>=481,'(橫掃)RX Mapping'!AV32<=600), ('(橫掃)RX Mapping'!AV32-361),IF(AND('(橫掃)RX Mapping'!AV32>=601,'(橫掃)RX Mapping'!AV32<=720), (-1)*('(橫掃)RX Mapping'!AV32-720)+120,IF(AND('(橫掃)RX Mapping'!AV32>=721,'(橫掃)RX Mapping'!AV32<=840), ('(橫掃)RX Mapping'!AV32-601),IF(AND('(橫掃)RX Mapping'!AV32>=841,'(橫掃)RX Mapping'!AV32<=960), (-1)*('(橫掃)RX Mapping'!AV32-960)+120,9999)))))))) -> 9999 | AW32: =IF(AND('(橫掃)RX Mapping'!AW32>=1,'(橫掃)RX Mapping'!AW32<=120), ('(橫掃)RX Mapping'!AW32-1),IF(AND('(橫掃)RX Mapping'!AW32>=121,'(橫掃)RX Mapping'!AW32<=240), (-1)*('(橫掃)RX Mapping'!AW32-240),IF(AND('(橫掃)RX Mapping'!AW32>=241,'(橫掃)RX Mapping'!AW32<=360), ('(橫掃)RX Mapping'!AW32-241),IF(AND('(橫掃)RX Mapping'!AW32>=361,'(橫掃)RX Mapping'!AW32<=480), (-1)*('(橫掃)RX Mapping'!AW32-480),IF(AND('(橫掃)RX Mapping'!AW32>=481,'(橫掃)RX Mapping'!AW32<=600), ('(橫掃)RX Mapping'!AW32-361),IF(AND('(橫掃)RX Mapping'!AW32>=601,'(橫掃)RX Mapping'!AW32<=720), (-1)*('(橫掃)RX Mapping'!AW32-720)+120,IF(AND('(橫掃)RX Mapping'!AW32>=721,'(橫掃)RX Mapping'!AW32<=840), ('(橫掃)RX Mapping'!AW32-601),IF(AND('(橫掃)RX Mapping'!AW32>=841,'(橫掃)RX Mapping'!AW32<=960), (-1)*('(橫掃)RX Mapping'!AW32-960)+120,9999)))))))) -> 9999 | AX32: =IF(AND('(橫掃)RX Mapping'!AX32>=1,'(橫掃)RX Mapping'!AX32<=120), ('(橫掃)RX Mapping'!AX32-1),IF(AND('(橫掃)RX Mapping'!AX32>=121,'(橫掃)RX Mapping'!AX32<=240), (-1)*('(橫掃)RX Mapping'!AX32-240),IF(AND('(橫掃)RX Mapping'!AX32>=241,'(橫掃)RX Mapping'!AX32<=360), ('(橫掃)RX Mapping'!AX32-241),IF(AND('(橫掃)RX Mapping'!AX32>=361,'(橫掃)RX Mapping'!AX32<=480), (-1)*('(橫掃)RX Mapping'!AX32-480),IF(AND('(橫掃)RX Mapping'!AX32>=481,'(橫掃)RX Mapping'!AX32<=600), ('(橫掃)RX Mapping'!AX32-361),IF(AND('(橫掃)RX Mapping'!AX32>=601,'(橫掃)RX Mapping'!AX32<=720), (-1)*('(橫掃)RX Mapping'!AX32-720)+120,IF(AND('(橫掃)RX Mapping'!AX32>=721,'(橫掃)RX Mapping'!AX32<=840), ('(橫掃)RX Mapping'!AX32-601),IF(AND('(橫掃)RX Mapping'!AX32>=841,'(橫掃)RX Mapping'!AX32<=960), (-1)*('(橫掃)RX Mapping'!AX32-960)+120,9999)))))))) -> 9999 | AY32: =IF(AND('(橫掃)RX Mapping'!AY32>=1,'(橫掃)RX Mapping'!AY32<=120), ('(橫掃)RX Mapping'!AY32-1),IF(AND('(橫掃)RX Mapping'!AY32>=121,'(橫掃)RX Mapping'!AY32<=240), (-1)*('(橫掃)RX Mapping'!AY32-240),IF(AND('(橫掃)RX Mapping'!AY32>=241,'(橫掃)RX Mapping'!AY32<=360), ('(橫掃)RX Mapping'!AY32-241),IF(AND('(橫掃)RX Mapping'!AY32>=361,'(橫掃)RX Mapping'!AY32<=480), (-1)*('(橫掃)RX Mapping'!AY32-480),IF(AND('(橫掃)RX Mapping'!AY32>=481,'(橫掃)RX Mapping'!AY32<=600), ('(橫掃)RX Mapping'!AY32-361),IF(AND('(橫掃)RX Mapping'!AY32>=601,'(橫掃)RX Mapping'!AY32<=720), (-1)*('(橫掃)RX Mapping'!AY32-720)+120,IF(AND('(橫掃)RX Mapping'!AY32>=721,'(橫掃)RX Mapping'!AY32<=840), ('(橫掃)RX Mapping'!AY32-601),IF(AND('(橫掃)RX Mapping'!AY32>=841,'(橫掃)RX Mapping'!AY32<=960), (-1)*('(橫掃)RX Mapping'!AY32-960)+120,9999)))))))) -> 9999 | AZ32: =IF(AND('(橫掃)RX Mapping'!AZ32>=1,'(橫掃)RX Mapping'!AZ32<=120), ('(橫掃)RX Mapping'!AZ32-1),IF(AND('(橫掃)RX Mapping'!AZ32>=121,'(橫掃)RX Mapping'!AZ32<=240), (-1)*('(橫掃)RX Mapping'!AZ32-240),IF(AND('(橫掃)RX Mapping'!AZ32>=241,'(橫掃)RX Mapping'!AZ32<=360), ('(橫掃)RX Mapping'!AZ32-241),IF(AND('(橫掃)RX Mapping'!AZ32>=361,'(橫掃)RX Mapping'!AZ32<=480), (-1)*('(橫掃)RX Mapping'!AZ32-480),IF(AND('(橫掃)RX Mapping'!AZ32>=481,'(橫掃)RX Mapping'!AZ32<=600), ('(橫掃)RX Mapping'!AZ32-361),IF(AND('(橫掃)RX Mapping'!AZ32>=601,'(橫掃)RX Mapping'!AZ32<=720), (-1)*('(橫掃)RX Mapping'!AZ32-720)+120,IF(AND('(橫掃)RX Mapping'!AZ32>=721,'(橫掃)RX Mapping'!AZ32<=840), ('(橫掃)RX Mapping'!AZ32-601),IF(AND('(橫掃)RX Mapping'!AZ32>=841,'(橫掃)RX Mapping'!AZ32<=960), (-1)*('(橫掃)RX Mapping'!AZ32-960)+120,9999)))))))) -> 9999 | BA32: =IF(AND('(橫掃)RX Mapping'!BA32>=1,'(橫掃)RX Mapping'!BA32<=120), ('(橫掃)RX Mapping'!BA32-1),IF(AND('(橫掃)RX Mapping'!BA32>=121,'(橫掃)RX Mapping'!BA32<=240), (-1)*('(橫掃)RX Mapping'!BA32-240),IF(AND('(橫掃)RX Mapping'!BA32>=241,'(橫掃)RX Mapping'!BA32<=360), ('(橫掃)RX Mapping'!BA32-241),IF(AND('(橫掃)RX Mapping'!BA32>=361,'(橫掃)RX Mapping'!BA32<=480), (-1)*('(橫掃)RX Mapping'!BA32-480),IF(AND('(橫掃)RX Mapping'!BA32>=481,'(橫掃)RX Mapping'!BA32<=600), ('(橫掃)RX Mapping'!BA32-361),IF(AND('(橫掃)RX Mapping'!BA32>=601,'(橫掃)RX Mapping'!BA32<=720), (-1)*('(橫掃)RX Mapping'!BA32-720)+120,IF(AND('(橫掃)RX Mapping'!BA32>=721,'(橫掃)RX Mapping'!BA32<=840), ('(橫掃)RX Mapping'!BA32-601),IF(AND('(橫掃)RX Mapping'!BA32>=841,'(橫掃)RX Mapping'!BA32<=960), (-1)*('(橫掃)RX Mapping'!BA32-960)+120,9999)))))))) -> 9999 | BB32: =IF(AND('(橫掃)RX Mapping'!BB32>=1,'(橫掃)RX Mapping'!BB32<=120), ('(橫掃)RX Mapping'!BB32-1),IF(AND('(橫掃)RX Mapping'!BB32>=121,'(橫掃)RX Mapping'!BB32<=240), (-1)*('(橫掃)RX Mapping'!BB32-240),IF(AND('(橫掃)RX Mapping'!BB32>=241,'(橫掃)RX Mapping'!BB32<=360), ('(橫掃)RX Mapping'!BB32-241),IF(AND('(橫掃)RX Mapping'!BB32>=361,'(橫掃)RX Mapping'!BB32<=480), (-1)*('(橫掃)RX Mapping'!BB32-480),IF(AND('(橫掃)RX Mapping'!BB32>=481,'(橫掃)RX Mapping'!BB32<=600), ('(橫掃)RX Mapping'!BB32-361),IF(AND('(橫掃)RX Mapping'!BB32>=601,'(橫掃)RX Mapping'!BB32<=720), (-1)*('(橫掃)RX Mapping'!BB32-720)+120,IF(AND('(橫掃)RX Mapping'!BB32>=721,'(橫掃)RX Mapping'!BB32<=840), ('(橫掃)RX Mapping'!BB32-601),IF(AND('(橫掃)RX Mapping'!BB32>=841,'(橫掃)RX Mapping'!BB32<=960), (-1)*('(橫掃)RX Mapping'!BB32-960)+120,9999)))))))) -> 9999 | BC32: =IF(AND('(橫掃)RX Mapping'!BC32>=1,'(橫掃)RX Mapping'!BC32<=120), ('(橫掃)RX Mapping'!BC32-1),IF(AND('(橫掃)RX Mapping'!BC32>=121,'(橫掃)RX Mapping'!BC32<=240), (-1)*('(橫掃)RX Mapping'!BC32-240),IF(AND('(橫掃)RX Mapping'!BC32>=241,'(橫掃)RX Mapping'!BC32<=360), ('(橫掃)RX Mapping'!BC32-241),IF(AND('(橫掃)RX Mapping'!BC32>=361,'(橫掃)RX Mapping'!BC32<=480), (-1)*('(橫掃)RX Mapping'!BC32-480),IF(AND('(橫掃)RX Mapping'!BC32>=481,'(橫掃)RX Mapping'!BC32<=600), ('(橫掃)RX Mapping'!BC32-361),IF(AND('(橫掃)RX Mapping'!BC32>=601,'(橫掃)RX Mapping'!BC32<=720), (-1)*('(橫掃)RX Mapping'!BC32-720)+120,IF(AND('(橫掃)RX Mapping'!BC32>=721,'(橫掃)RX Mapping'!BC32<=840), ('(橫掃)RX Mapping'!BC32-601),IF(AND('(橫掃)RX Mapping'!BC32>=841,'(橫掃)RX Mapping'!BC32<=960), (-1)*('(橫掃)RX Mapping'!BC32-960)+120,9999)))))))) -> 9999 | ... BI32: =IF(AND('(橫掃)RX Mapping'!BI32>=1,'(橫掃)RX Mapping'!BI32<=120), ('(橫掃)RX Mapping'!BI32-1),IF(AND('(橫掃)RX Mapping'!BI32>=121,'(橫掃)RX Mapping'!BI32<=240), (-1)*('(橫掃)RX Mapping'!BI32-240),IF(AND('(橫掃)RX Mapping'!BI32>=241,'(橫掃)RX Mapping'!BI32<=360), ('(橫掃)RX Mapping'!BI32-241),IF(AND('(橫掃)RX Mapping'!BI32>=361,'(橫掃)RX Mapping'!BI32<=480), (-1)*('(橫掃)RX Mapping'!BI32-480),IF(AND('(橫掃)RX Mapping'!BI32>=481,'(橫掃)RX Mapping'!BI32<=600), ('(橫掃)RX Mapping'!BI32-361),IF(AND('(橫掃)RX Mapping'!BI32>=601,'(橫掃)RX Mapping'!BI32<=720), (-1)*('(橫掃)RX Mapping'!BI32-720)+120,IF(AND('(橫掃)RX Mapping'!BI32>=721,'(橫掃)RX Mapping'!BI32<=840), ('(橫掃)RX Mapping'!BI32-601),IF(AND('(橫掃)RX Mapping'!BI32>=841,'(橫掃)RX Mapping'!BI32<=960), (-1)*('(橫掃)RX Mapping'!BI32-960)+120,9999)))))))) -> 9999
A33: 32 | B33: =IF( (AND('(直掃)RX Mapping'!B33>=0,'(直掃)RX Mapping'!B33<=480)), (MOD('(直掃)RX Mapping'!B33,120)-1), IF( (AND('(直掃)RX Mapping'!B33>=480,'(直掃)RX Mapping'!B33<=960)), IF(MOD('(直掃)RX Mapping'!B33,120)=0, 120, 240-MOD('(直掃)RX Mapping'!B33,120)),9999))+IF(AND(MOD('(直掃)RX Mapping'!B33,120)=0, '(直掃)RX Mapping'!B33 <= 480, '(直掃)RX Mapping'!B33 > 0), 120) -> -1 | C33: =IF( (AND('(直掃)RX Mapping'!C33>=0,'(直掃)RX Mapping'!C33<=480)), (MOD('(直掃)RX Mapping'!C33,120)-1), IF( (AND('(直掃)RX Mapping'!C33>=480,'(直掃)RX Mapping'!C33<=960)), IF(MOD('(直掃)RX Mapping'!C33,120)=0, 120, 240-MOD('(直掃)RX Mapping'!C33,120)),9999))+IF(AND(MOD('(直掃)RX Mapping'!C33,120)=0, '(直掃)RX Mapping'!C33 <= 480, '(直掃)RX Mapping'!C33 > 0), 120) -> -1 | D33: =IF( (AND('(直掃)RX Mapping'!D33>=0,'(直掃)RX Mapping'!D33<=480)), (MOD('(直掃)RX Mapping'!D33,120)-1), IF( (AND('(直掃)RX Mapping'!D33>=480,'(直掃)RX Mapping'!D33<=960)), IF(MOD('(直掃)RX Mapping'!D33,120)=0, 120, 240-MOD('(直掃)RX Mapping'!D33,120)),9999))+IF(AND(MOD('(直掃)RX Mapping'!D33,120)=0, '(直掃)RX Mapping'!D33 <= 480, '(直掃)RX Mapping'!D33 > 0), 120) -> -1 | E33: =IF( (AND('(直掃)RX Mapping'!E33>=0,'(直掃)RX Mapping'!E33<=480)), (MOD('(直掃)RX Mapping'!E33,120)-1), IF( (AND('(直掃)RX Mapping'!E33>=480,'(直掃)RX Mapping'!E33<=960)), IF(MOD('(直掃)RX Mapping'!E33,120)=0, 120, 240-MOD('(直掃)RX Mapping'!E33,120)),9999))+IF(AND(MOD('(直掃)RX Mapping'!E33,120)=0, '(直掃)RX Mapping'!E33 <= 480, '(直掃)RX Mapping'!E33 > 0), 120) -> -1 | F33: =IF( (AND('(直掃)RX Mapping'!F33>=0,'(直掃)RX Mapping'!F33<=480)), (MOD('(直掃)RX Mapping'!F33,120)-1), IF( (AND('(直掃)RX Mapping'!F33>=480,'(直掃)RX Mapping'!F33<=960)), IF(MOD('(直掃)RX Mapping'!F33,120)=0, 120, 240-MOD('(直掃)RX Mapping'!F33,120)),9999))+IF(AND(MOD('(直掃)RX Mapping'!F33,120)=0, '(直掃)RX Mapping'!F33 <= 480, '(直掃)RX Mapping'!F33 > 0), 120) -> -1 | G33: =IF( (AND('(直掃)RX Mapping'!G33>=0,'(直掃)RX Mapping'!G33<=480)), (MOD('(直掃)RX Mapping'!G33,120)-1), IF( (AND('(直掃)RX Mapping'!G33>=480,'(直掃)RX Mapping'!G33<=960)), IF(MOD('(直掃)RX Mapping'!G33,120)=0, 120, 240-MOD('(直掃)RX Mapping'!G33,120)),9999))+IF(AND(MOD('(直掃)RX Mapping'!G33,120)=0, '(直掃)RX Mapping'!G33 <= 480, '(直掃)RX Mapping'!G33 > 0), 120) -> -1 | H33: =IF( (AND('(直掃)RX Mapping'!H33>=0,'(直掃)RX Mapping'!H33<=480)), (MOD('(直掃)RX Mapping'!H33,120)-1), IF( (AND('(直掃)RX Mapping'!H33>=480,'(直掃)RX Mapping'!H33<=960)), IF(MOD('(直掃)RX Mapping'!H33,120)=0, 120, 240-MOD('(直掃)RX Mapping'!H33,120)),9999))+IF(AND(MOD('(直掃)RX Mapping'!H33,120)=0, '(直掃)RX Mapping'!H33 <= 480, '(直掃)RX Mapping'!H33 > 0), 120) -> -1 | I33: =IF( (AND('(直掃)RX Mapping'!I33>=0,'(直掃)RX Mapping'!I33<=480)), (MOD('(直掃)RX Mapping'!I33,120)-1), IF( (AND('(直掃)RX Mapping'!I33>=480,'(直掃)RX Mapping'!I33<=960)), IF(MOD('(直掃)RX Mapping'!I33,120)=0, 120, 240-MOD('(直掃)RX Mapping'!I33,120)),9999))+IF(AND(MOD('(直掃)RX Mapping'!I33,120)=0, '(直掃)RX Mapping'!I33 <= 480, '(直掃)RX Mapping'!I33 > 0), 120) -> -1 | ... AS33: =IF( (AND('(直掃)RX Mapping'!AS33>=0,'(直掃)RX Mapping'!AS33<=480)), (MOD('(直掃)RX Mapping'!AS33,120)-1), IF( (AND('(直掃)RX Mapping'!AS33>=480,'(直掃)RX Mapping'!AS33<=960)), IF(MOD('(直掃)RX Mapping'!AS33,120)=0, 120, 240-MOD('(直掃)RX Mapping'!AS33,120)),9999))+IF(AND(MOD('(直掃)RX Mapping'!AS33,120)=0, '(直掃)RX Mapping'!AS33 <= 480, '(直掃)RX Mapping'!AS33 > 0), 120) -> -1 | AT33: =IF(AND('(橫掃)RX Mapping'!AT33>=1,'(橫掃)RX Mapping'!AT33<=120), ('(橫掃)RX Mapping'!AT33-1),IF(AND('(橫掃)RX Mapping'!AT33>=121,'(橫掃)RX Mapping'!AT33<=240), (-1)*('(橫掃)RX Mapping'!AT33-240),IF(AND('(橫掃)RX Mapping'!AT33>=241,'(橫掃)RX Mapping'!AT33<=360), ('(橫掃)RX Mapping'!AT33-241),IF(AND('(橫掃)RX Mapping'!AT33>=361,'(橫掃)RX Mapping'!AT33<=480), (-1)*('(橫掃)RX Mapping'!AT33-480),IF(AND('(橫掃)RX Mapping'!AT33>=481,'(橫掃)RX Mapping'!AT33<=600), ('(橫掃)RX Mapping'!AT33-361),IF(AND('(橫掃)RX Mapping'!AT33>=601,'(橫掃)RX Mapping'!AT33<=720), (-1)*('(橫掃)RX Mapping'!AT33-720)+120,IF(AND('(橫掃)RX Mapping'!AT33>=721,'(橫掃)RX Mapping'!AT33<=840), ('(橫掃)RX Mapping'!AT33-601),IF(AND('(橫掃)RX Mapping'!AT33>=841,'(橫掃)RX Mapping'!AT33<=960), (-1)*('(橫掃)RX Mapping'!AT33-960)+120,9999)))))))) -> 9999 | AU33: =IF(AND('(橫掃)RX Mapping'!AU33>=1,'(橫掃)RX Mapping'!AU33<=120), ('(橫掃)RX Mapping'!AU33-1),IF(AND('(橫掃)RX Mapping'!AU33>=121,'(橫掃)RX Mapping'!AU33<=240), (-1)*('(橫掃)RX Mapping'!AU33-240),IF(AND('(橫掃)RX Mapping'!AU33>=241,'(橫掃)RX Mapping'!AU33<=360), ('(橫掃)RX Mapping'!AU33-241),IF(AND('(橫掃)RX Mapping'!AU33>=361,'(橫掃)RX Mapping'!AU33<=480), (-1)*('(橫掃)RX Mapping'!AU33-480),IF(AND('(橫掃)RX Mapping'!AU33>=481,'(橫掃)RX Mapping'!AU33<=600), ('(橫掃)RX Mapping'!AU33-361),IF(AND('(橫掃)RX Mapping'!AU33>=601,'(橫掃)RX Mapping'!AU33<=720), (-1)*('(橫掃)RX Mapping'!AU33-720)+120,IF(AND('(橫掃)RX Mapping'!AU33>=721,'(橫掃)RX Mapping'!AU33<=840), ('(橫掃)RX Mapping'!AU33-601),IF(AND('(橫掃)RX Mapping'!AU33>=841,'(橫掃)RX Mapping'!AU33<=960), (-1)*('(橫掃)RX Mapping'!AU33-960)+120,9999)))))))) -> 9999 | AV33: =IF(AND('(橫掃)RX Mapping'!AV33>=1,'(橫掃)RX Mapping'!AV33<=120), ('(橫掃)RX Mapping'!AV33-1),IF(AND('(橫掃)RX Mapping'!AV33>=121,'(橫掃)RX Mapping'!AV33<=240), (-1)*('(橫掃)RX Mapping'!AV33-240),IF(AND('(橫掃)RX Mapping'!AV33>=241,'(橫掃)RX Mapping'!AV33<=360), ('(橫掃)RX Mapping'!AV33-241),IF(AND('(橫掃)RX Mapping'!AV33>=361,'(橫掃)RX Mapping'!AV33<=480), (-1)*('(橫掃)RX Mapping'!AV33-480),IF(AND('(橫掃)RX Mapping'!AV33>=481,'(橫掃)RX Mapping'!AV33<=600), ('(橫掃)RX Mapping'!AV33-361),IF(AND('(橫掃)RX Mapping'!AV33>=601,'(橫掃)RX Mapping'!AV33<=720), (-1)*('(橫掃)RX Mapping'!AV33-720)+120,IF(AND('(橫掃)RX Mapping'!AV33>=721,'(橫掃)RX Mapping'!AV33<=840), ('(橫掃)RX Mapping'!AV33-601),IF(AND('(橫掃)RX Mapping'!AV33>=841,'(橫掃)RX Mapping'!AV33<=960), (-1)*('(橫掃)RX Mapping'!AV33-960)+120,9999)))))))) -> 9999 | AW33: =IF(AND('(橫掃)RX Mapping'!AW33>=1,'(橫掃)RX Mapping'!AW33<=120), ('(橫掃)RX Mapping'!AW33-1),IF(AND('(橫掃)RX Mapping'!AW33>=121,'(橫掃)RX Mapping'!AW33<=240), (-1)*('(橫掃)RX Mapping'!AW33-240),IF(AND('(橫掃)RX Mapping'!AW33>=241,'(橫掃)RX Mapping'!AW33<=360), ('(橫掃)RX Mapping'!AW33-241),IF(AND('(橫掃)RX Mapping'!AW33>=361,'(橫掃)RX Mapping'!AW33<=480), (-1)*('(橫掃)RX Mapping'!AW33-480),IF(AND('(橫掃)RX Mapping'!AW33>=481,'(橫掃)RX Mapping'!AW33<=600), ('(橫掃)RX Mapping'!AW33-361),IF(AND('(橫掃)RX Mapping'!AW33>=601,'(橫掃)RX Mapping'!AW33<=720), (-1)*('(橫掃)RX Mapping'!AW33-720)+120,IF(AND('(橫掃)RX Mapping'!AW33>=721,'(橫掃)RX Mapping'!AW33<=840), ('(橫掃)RX Mapping'!AW33-601),IF(AND('(橫掃)RX Mapping'!AW33>=841,'(橫掃)RX Mapping'!AW33<=960), (-1)*('(橫掃)RX Mapping'!AW33-960)+120,9999)))))))) -> 9999 | AX33: =IF(AND('(橫掃)RX Mapping'!AX33>=1,'(橫掃)RX Mapping'!AX33<=120), ('(橫掃)RX Mapping'!AX33-1),IF(AND('(橫掃)RX Mapping'!AX33>=121,'(橫掃)RX Mapping'!AX33<=240), (-1)*('(橫掃)RX Mapping'!AX33-240),IF(AND('(橫掃)RX Mapping'!AX33>=241,'(橫掃)RX Mapping'!AX33<=360), ('(橫掃)RX Mapping'!AX33-241),IF(AND('(橫掃)RX Mapping'!AX33>=361,'(橫掃)RX Mapping'!AX33<=480), (-1)*('(橫掃)RX Mapping'!AX33-480),IF(AND('(橫掃)RX Mapping'!AX33>=481,'(橫掃)RX Mapping'!AX33<=600), ('(橫掃)RX Mapping'!AX33-361),IF(AND('(橫掃)RX Mapping'!AX33>=601,'(橫掃)RX Mapping'!AX33<=720), (-1)*('(橫掃)RX Mapping'!AX33-720)+120,IF(AND('(橫掃)RX Mapping'!AX33>=721,'(橫掃)RX Mapping'!AX33<=840), ('(橫掃)RX Mapping'!AX33-601),IF(AND('(橫掃)RX Mapping'!AX33>=841,'(橫掃)RX Mapping'!AX33<=960), (-1)*('(橫掃)RX Mapping'!AX33-960)+120,9999)))))))) -> 9999 | AY33: =IF(AND('(橫掃)RX Mapping'!AY33>=1,'(橫掃)RX Mapping'!AY33<=120), ('(橫掃)RX Mapping'!AY33-1),IF(AND('(橫掃)RX Mapping'!AY33>=121,'(橫掃)RX Mapping'!AY33<=240), (-1)*('(橫掃)RX Mapping'!AY33-240),IF(AND('(橫掃)RX Mapping'!AY33>=241,'(橫掃)RX Mapping'!AY33<=360), ('(橫掃)RX Mapping'!AY33-241),IF(AND('(橫掃)RX Mapping'!AY33>=361,'(橫掃)RX Mapping'!AY33<=480), (-1)*('(橫掃)RX Mapping'!AY33-480),IF(AND('(橫掃)RX Mapping'!AY33>=481,'(橫掃)RX Mapping'!AY33<=600), ('(橫掃)RX Mapping'!AY33-361),IF(AND('(橫掃)RX Mapping'!AY33>=601,'(橫掃)RX Mapping'!AY33<=720), (-1)*('(橫掃)RX Mapping'!AY33-720)+120,IF(AND('(橫掃)RX Mapping'!AY33>=721,'(橫掃)RX Mapping'!AY33<=840), ('(橫掃)RX Mapping'!AY33-601),IF(AND('(橫掃)RX Mapping'!AY33>=841,'(橫掃)RX Mapping'!AY33<=960), (-1)*('(橫掃)RX Mapping'!AY33-960)+120,9999)))))))) -> 9999 | AZ33: =IF(AND('(橫掃)RX Mapping'!AZ33>=1,'(橫掃)RX Mapping'!AZ33<=120), ('(橫掃)RX Mapping'!AZ33-1),IF(AND('(橫掃)RX Mapping'!AZ33>=121,'(橫掃)RX Mapping'!AZ33<=240), (-1)*('(橫掃)RX Mapping'!AZ33-240),IF(AND('(橫掃)RX Mapping'!AZ33>=241,'(橫掃)RX Mapping'!AZ33<=360), ('(橫掃)RX Mapping'!AZ33-241),IF(AND('(橫掃)RX Mapping'!AZ33>=361,'(橫掃)RX Mapping'!AZ33<=480), (-1)*('(橫掃)RX Mapping'!AZ33-480),IF(AND('(橫掃)RX Mapping'!AZ33>=481,'(橫掃)RX Mapping'!AZ33<=600), ('(橫掃)RX Mapping'!AZ33-361),IF(AND('(橫掃)RX Mapping'!AZ33>=601,'(橫掃)RX Mapping'!AZ33<=720), (-1)*('(橫掃)RX Mapping'!AZ33-720)+120,IF(AND('(橫掃)RX Mapping'!AZ33>=721,'(橫掃)RX Mapping'!AZ33<=840), ('(橫掃)RX Mapping'!AZ33-601),IF(AND('(橫掃)RX Mapping'!AZ33>=841,'(橫掃)RX Mapping'!AZ33<=960), (-1)*('(橫掃)RX Mapping'!AZ33-960)+120,9999)))))))) -> 9999 | BA33: =IF(AND('(橫掃)RX Mapping'!BA33>=1,'(橫掃)RX Mapping'!BA33<=120), ('(橫掃)RX Mapping'!BA33-1),IF(AND('(橫掃)RX Mapping'!BA33>=121,'(橫掃)RX Mapping'!BA33<=240), (-1)*('(橫掃)RX Mapping'!BA33-240),IF(AND('(橫掃)RX Mapping'!BA33>=241,'(橫掃)RX Mapping'!BA33<=360), ('(橫掃)RX Mapping'!BA33-241),IF(AND('(橫掃)RX Mapping'!BA33>=361,'(橫掃)RX Mapping'!BA33<=480), (-1)*('(橫掃)RX Mapping'!BA33-480),IF(AND('(橫掃)RX Mapping'!BA33>=481,'(橫掃)RX Mapping'!BA33<=600), ('(橫掃)RX Mapping'!BA33-361),IF(AND('(橫掃)RX Mapping'!BA33>=601,'(橫掃)RX Mapping'!BA33<=720), (-1)*('(橫掃)RX Mapping'!BA33-720)+120,IF(AND('(橫掃)RX Mapping'!BA33>=721,'(橫掃)RX Mapping'!BA33<=840), ('(橫掃)RX Mapping'!BA33-601),IF(AND('(橫掃)RX Mapping'!BA33>=841,'(橫掃)RX Mapping'!BA33<=960), (-1)*('(橫掃)RX Mapping'!BA33-960)+120,9999)))))))) -> 9999 | ... BI33: =IF(AND('(橫掃)RX Mapping'!BI33>=1,'(橫掃)RX Mapping'!BI33<=120), ('(橫掃)RX Mapping'!BI33-1),IF(AND('(橫掃)RX Mapping'!BI33>=121,'(橫掃)RX Mapping'!BI33<=240), (-1)*('(橫掃)RX Mapping'!BI33-240),IF(AND('(橫掃)RX Mapping'!BI33>=241,'(橫掃)RX Mapping'!BI33<=360), ('(橫掃)RX Mapping'!BI33-241),IF(AND('(橫掃)RX Mapping'!BI33>=361,'(橫掃)RX Mapping'!BI33<=480), (-1)*('(橫掃)RX Mapping'!BI33-480),IF(AND('(橫掃)RX Mapping'!BI33>=481,'(橫掃)RX Mapping'!BI33<=600), ('(橫掃)RX Mapping'!BI33-361),IF(AND('(橫掃)RX Mapping'!BI33>=601,'(橫掃)RX Mapping'!BI33<=720), (-1)*('(橫掃)RX Mapping'!BI33-720)+120,IF(AND('(橫掃)RX Mapping'!BI33>=721,'(橫掃)RX Mapping'!BI33<=840), ('(橫掃)RX Mapping'!BI33-601),IF(AND('(橫掃)RX Mapping'!BI33>=841,'(橫掃)RX Mapping'!BI33<=960), (-1)*('(橫掃)RX Mapping'!BI33-960)+120,9999)))))))) -> 9999
A34: 33 | B34: =IF( (AND('(直掃)RX Mapping'!B34>=0,'(直掃)RX Mapping'!B34<=480)), (MOD('(直掃)RX Mapping'!B34,120)-1), IF( (AND('(直掃)RX Mapping'!B34>=480,'(直掃)RX Mapping'!B34<=960)), IF(MOD('(直掃)RX Mapping'!B34,120)=0, 120, 240-MOD('(直掃)RX Mapping'!B34,120)),9999))+IF(AND(MOD('(直掃)RX Mapping'!B34,120)=0, '(直掃)RX Mapping'!B34 <= 480, '(直掃)RX Mapping'!B34 > 0), 120) -> -1 | C34: =IF( (AND('(直掃)RX Mapping'!C34>=0,'(直掃)RX Mapping'!C34<=480)), (MOD('(直掃)RX Mapping'!C34,120)-1), IF( (AND('(直掃)RX Mapping'!C34>=480,'(直掃)RX Mapping'!C34<=960)), IF(MOD('(直掃)RX Mapping'!C34,120)=0, 120, 240-MOD('(直掃)RX Mapping'!C34,120)),9999))+IF(AND(MOD('(直掃)RX Mapping'!C34,120)=0, '(直掃)RX Mapping'!C34 <= 480, '(直掃)RX Mapping'!C34 > 0), 120) -> -1 | D34: =IF( (AND('(直掃)RX Mapping'!D34>=0,'(直掃)RX Mapping'!D34<=480)), (MOD('(直掃)RX Mapping'!D34,120)-1), IF( (AND('(直掃)RX Mapping'!D34>=480,'(直掃)RX Mapping'!D34<=960)), IF(MOD('(直掃)RX Mapping'!D34,120)=0, 120, 240-MOD('(直掃)RX Mapping'!D34,120)),9999))+IF(AND(MOD('(直掃)RX Mapping'!D34,120)=0, '(直掃)RX Mapping'!D34 <= 480, '(直掃)RX Mapping'!D34 > 0), 120) -> -1 | E34: =IF( (AND('(直掃)RX Mapping'!E34>=0,'(直掃)RX Mapping'!E34<=480)), (MOD('(直掃)RX Mapping'!E34,120)-1), IF( (AND('(直掃)RX Mapping'!E34>=480,'(直掃)RX Mapping'!E34<=960)), IF(MOD('(直掃)RX Mapping'!E34,120)=0, 120, 240-MOD('(直掃)RX Mapping'!E34,120)),9999))+IF(AND(MOD('(直掃)RX Mapping'!E34,120)=0, '(直掃)RX Mapping'!E34 <= 480, '(直掃)RX Mapping'!E34 > 0), 120) -> -1 | F34: =IF( (AND('(直掃)RX Mapping'!F34>=0,'(直掃)RX Mapping'!F34<=480)), (MOD('(直掃)RX Mapping'!F34,120)-1), IF( (AND('(直掃)RX Mapping'!F34>=480,'(直掃)RX Mapping'!F34<=960)), IF(MOD('(直掃)RX Mapping'!F34,120)=0, 120, 240-MOD('(直掃)RX Mapping'!F34,120)),9999))+IF(AND(MOD('(直掃)RX Mapping'!F34,120)=0, '(直掃)RX Mapping'!F34 <= 480, '(直掃)RX Mapping'!F34 > 0), 120) -> -1 | G34: =IF( (AND('(直掃)RX Mapping'!G34>=0,'(直掃)RX Mapping'!G34<=480)), (MOD('(直掃)RX Mapping'!G34,120)-1), IF( (AND('(直掃)RX Mapping'!G34>=480,'(直掃)RX Mapping'!G34<=960)), IF(MOD('(直掃)RX Mapping'!G34,120)=0, 120, 240-MOD('(直掃)RX Mapping'!G34,120)),9999))+IF(AND(MOD('(直掃)RX Mapping'!G34,120)=0, '(直掃)RX Mapping'!G34 <= 480, '(直掃)RX Mapping'!G34 > 0), 120) -> -1 | H34: =IF( (AND('(直掃)RX Mapping'!H34>=0,'(直掃)RX Mapping'!H34<=480)), (MOD('(直掃)RX Mapping'!H34,120)-1), IF( (AND('(直掃)RX Mapping'!H34>=480,'(直掃)RX Mapping'!H34<=960)), IF(MOD('(直掃)RX Mapping'!H34,120)=0, 120, 240-MOD('(直掃)RX Mapping'!H34,120)),9999))+IF(AND(MOD('(直掃)RX Mapping'!H34,120)=0, '(直掃)RX Mapping'!H34 <= 480, '(直掃)RX Mapping'!H34 > 0), 120) -> -1 | I34: =IF( (AND('(直掃)RX Mapping'!I34>=0,'(直掃)RX Mapping'!I34<=480)), (MOD('(直掃)RX Mapping'!I34,120)-1), IF( (AND('(直掃)RX Mapping'!I34>=480,'(直掃)RX Mapping'!I34<=960)), IF(MOD('(直掃)RX Mapping'!I34,120)=0, 120, 240-MOD('(直掃)RX Mapping'!I34,120)),9999))+IF(AND(MOD('(直掃)RX Mapping'!I34,120)=0, '(直掃)RX Mapping'!I34 <= 480, '(直掃)RX Mapping'!I34 > 0), 120) -> -1 | ... AS34: =IF( (AND('(直掃)RX Mapping'!AS34>=0,'(直掃)RX Mapping'!AS34<=480)), (MOD('(直掃)RX Mapping'!AS34,120)-1), IF( (AND('(直掃)RX Mapping'!AS34>=480,'(直掃)RX Mapping'!AS34<=960)), IF(MOD('(直掃)RX Mapping'!AS34,120)=0, 120, 240-MOD('(直掃)RX Mapping'!AS34,120)),9999))+IF(AND(MOD('(直掃)RX Mapping'!AS34,120)=0, '(直掃)RX Mapping'!AS34 <= 480, '(直掃)RX Mapping'!AS34 > 0), 120) -> -1 | AT34: =IF(AND('(橫掃)RX Mapping'!AT34>=1,'(橫掃)RX Mapping'!AT34<=120), ('(橫掃)RX Mapping'!AT34-1),IF(AND('(橫掃)RX Mapping'!AT34>=121,'(橫掃)RX Mapping'!AT34<=240), (-1)*('(橫掃)RX Mapping'!AT34-240),IF(AND('(橫掃)RX Mapping'!AT34>=241,'(橫掃)RX Mapping'!AT34<=360), ('(橫掃)RX Mapping'!AT34-241),IF(AND('(橫掃)RX Mapping'!AT34>=361,'(橫掃)RX Mapping'!AT34<=480), (-1)*('(橫掃)RX Mapping'!AT34-480),IF(AND('(橫掃)RX Mapping'!AT34>=481,'(橫掃)RX Mapping'!AT34<=600), ('(橫掃)RX Mapping'!AT34-361),IF(AND('(橫掃)RX Mapping'!AT34>=601,'(橫掃)RX Mapping'!AT34<=720), (-1)*('(橫掃)RX Mapping'!AT34-720)+120,IF(AND('(橫掃)RX Mapping'!AT34>=721,'(橫掃)RX Mapping'!AT34<=840), ('(橫掃)RX Mapping'!AT34-601),IF(AND('(橫掃)RX Mapping'!AT34>=841,'(橫掃)RX Mapping'!AT34<=960), (-1)*('(橫掃)RX Mapping'!AT34-960)+120,9999)))))))) -> 9999 | AU34: =IF(AND('(橫掃)RX Mapping'!AU34>=1,'(橫掃)RX Mapping'!AU34<=120), ('(橫掃)RX Mapping'!AU34-1),IF(AND('(橫掃)RX Mapping'!AU34>=121,'(橫掃)RX Mapping'!AU34<=240), (-1)*('(橫掃)RX Mapping'!AU34-240),IF(AND('(橫掃)RX Mapping'!AU34>=241,'(橫掃)RX Mapping'!AU34<=360), ('(橫掃)RX Mapping'!AU34-241),IF(AND('(橫掃)RX Mapping'!AU34>=361,'(橫掃)RX Mapping'!AU34<=480), (-1)*('(橫掃)RX Mapping'!AU34-480),IF(AND('(橫掃)RX Mapping'!AU34>=481,'(橫掃)RX Mapping'!AU34<=600), ('(橫掃)RX Mapping'!AU34-361),IF(AND('(橫掃)RX Mapping'!AU34>=601,'(橫掃)RX Mapping'!AU34<=720), (-1)*('(橫掃)RX Mapping'!AU34-720)+120,IF(AND('(橫掃)RX Mapping'!AU34>=721,'(橫掃)RX Mapping'!AU34<=840), ('(橫掃)RX Mapping'!AU34-601),IF(AND('(橫掃)RX Mapping'!AU34>=841,'(橫掃)RX Mapping'!AU34<=960), (-1)*('(橫掃)RX Mapping'!AU34-960)+120,9999)))))))) -> 9999 | AV34: =IF(AND('(橫掃)RX Mapping'!AV34>=1,'(橫掃)RX Mapping'!AV34<=120), ('(橫掃)RX Mapping'!AV34-1),IF(AND('(橫掃)RX Mapping'!AV34>=121,'(橫掃)RX Mapping'!AV34<=240), (-1)*('(橫掃)RX Mapping'!AV34-240),IF(AND('(橫掃)RX Mapping'!AV34>=241,'(橫掃)RX Mapping'!AV34<=360), ('(橫掃)RX Mapping'!AV34-241),IF(AND('(橫掃)RX Mapping'!AV34>=361,'(橫掃)RX Mapping'!AV34<=480), (-1)*('(橫掃)RX Mapping'!AV34-480),IF(AND('(橫掃)RX Mapping'!AV34>=481,'(橫掃)RX Mapping'!AV34<=600), ('(橫掃)RX Mapping'!AV34-361),IF(AND('(橫掃)RX Mapping'!AV34>=601,'(橫掃)RX Mapping'!AV34<=720), (-1)*('(橫掃)RX Mapping'!AV34-720)+120,IF(AND('(橫掃)RX Mapping'!AV34>=721,'(橫掃)RX Mapping'!AV34<=840), ('(橫掃)RX Mapping'!AV34-601),IF(AND('(橫掃)RX Mapping'!AV34>=841,'(橫掃)RX Mapping'!AV34<=960), (-1)*('(橫掃)RX Mapping'!AV34-960)+120,9999)))))))) -> 9999 | AW34: =IF(AND('(橫掃)RX Mapping'!AW34>=1,'(橫掃)RX Mapping'!AW34<=120), ('(橫掃)RX Mapping'!AW34-1),IF(AND('(橫掃)RX Mapping'!AW34>=121,'(橫掃)RX Mapping'!AW34<=240), (-1)*('(橫掃)RX Mapping'!AW34-240),IF(AND('(橫掃)RX Mapping'!AW34>=241,'(橫掃)RX Mapping'!AW34<=360), ('(橫掃)RX Mapping'!AW34-241),IF(AND('(橫掃)RX Mapping'!AW34>=361,'(橫掃)RX Mapping'!AW34<=480), (-1)*('(橫掃)RX Mapping'!AW34-480),IF(AND('(橫掃)RX Mapping'!AW34>=481,'(橫掃)RX Mapping'!AW34<=600), ('(橫掃)RX Mapping'!AW34-361),IF(AND('(橫掃)RX Mapping'!AW34>=601,'(橫掃)RX Mapping'!AW34<=720), (-1)*('(橫掃)RX Mapping'!AW34-720)+120,IF(AND('(橫掃)RX Mapping'!AW34>=721,'(橫掃)RX Mapping'!AW34<=840), ('(橫掃)RX Mapping'!AW34-601),IF(AND('(橫掃)RX Mapping'!AW34>=841,'(橫掃)RX Mapping'!AW34<=960), (-1)*('(橫掃)RX Mapping'!AW34-960)+120,9999)))))))) -> 9999 | AX34: =IF(AND('(橫掃)RX Mapping'!AX34>=1,'(橫掃)RX Mapping'!AX34<=120), ('(橫掃)RX Mapping'!AX34-1),IF(AND('(橫掃)RX Mapping'!AX34>=121,'(橫掃)RX Mapping'!AX34<=240), (-1)*('(橫掃)RX Mapping'!AX34-240),IF(AND('(橫掃)RX Mapping'!AX34>=241,'(橫掃)RX Mapping'!AX34<=360), ('(橫掃)RX Mapping'!AX34-241),IF(AND('(橫掃)RX Mapping'!AX34>=361,'(橫掃)RX Mapping'!AX34<=480), (-1)*('(橫掃)RX Mapping'!AX34-480),IF(AND('(橫掃)RX Mapping'!AX34>=481,'(橫掃)RX Mapping'!AX34<=600), ('(橫掃)RX Mapping'!AX34-361),IF(AND('(橫掃)RX Mapping'!AX34>=601,'(橫掃)RX Mapping'!AX34<=720), (-1)*('(橫掃)RX Mapping'!AX34-720)+120,IF(AND('(橫掃)RX Mapping'!AX34>=721,'(橫掃)RX Mapping'!AX34<=840), ('(橫掃)RX Mapping'!AX34-601),IF(AND('(橫掃)RX Mapping'!AX34>=841,'(橫掃)RX Mapping'!AX34<=960), (-1)*('(橫掃)RX Mapping'!AX34-960)+120,9999)))))))) -> 9999 | AY34: =IF(AND('(橫掃)RX Mapping'!AY34>=1,'(橫掃)RX Mapping'!AY34<=120), ('(橫掃)RX Mapping'!AY34-1),IF(AND('(橫掃)RX Mapping'!AY34>=121,'(橫掃)RX Mapping'!AY34<=240), (-1)*('(橫掃)RX Mapping'!AY34-240),IF(AND('(橫掃)RX Mapping'!AY34>=241,'(橫掃)RX Mapping'!AY34<=360), ('(橫掃)RX Mapping'!AY34-241),IF(AND('(橫掃)RX Mapping'!AY34>=361,'(橫掃)RX Mapping'!AY34<=480), (-1)*('(橫掃)RX Mapping'!AY34-480),IF(AND('(橫掃)RX Mapping'!AY34>=481,'(橫掃)RX Mapping'!AY34<=600), ('(橫掃)RX Mapping'!AY34-361),IF(AND('(橫掃)RX Mapping'!AY34>=601,'(橫掃)RX Mapping'!AY34<=720), (-1)*('(橫掃)RX Mapping'!AY34-720)+120,IF(AND('(橫掃)RX Mapping'!AY34>=721,'(橫掃)RX Mapping'!AY34<=840), ('(橫掃)RX Mapping'!AY34-601),IF(AND('(橫掃)RX Mapping'!AY34>=841,'(橫掃)RX Mapping'!AY34<=960), (-1)*('(橫掃)RX Mapping'!AY34-960)+120,9999)))))))) -> 9999 | AZ34: =IF(AND('(橫掃)RX Mapping'!AZ34>=1,'(橫掃)RX Mapping'!AZ34<=120), ('(橫掃)RX Mapping'!AZ34-1),IF(AND('(橫掃)RX Mapping'!AZ34>=121,'(橫掃)RX Mapping'!AZ34<=240), (-1)*('(橫掃)RX Mapping'!AZ34-240),IF(AND('(橫掃)RX Mapping'!AZ34>=241,'(橫掃)RX Mapping'!AZ34<=360), ('(橫掃)RX Mapping'!AZ34-241),IF(AND('(橫掃)RX Mapping'!AZ34>=361,'(橫掃)RX Mapping'!AZ34<=480), (-1)*('(橫掃)RX Mapping'!AZ34-480),IF(AND('(橫掃)RX Mapping'!AZ34>=481,'(橫掃)RX Mapping'!AZ34<=600), ('(橫掃)RX Mapping'!AZ34-361),IF(AND('(橫掃)RX Mapping'!AZ34>=601,'(橫掃)RX Mapping'!AZ34<=720), (-1)*('(橫掃)RX Mapping'!AZ34-720)+120,IF(AND('(橫掃)RX Mapping'!AZ34>=721,'(橫掃)RX Mapping'!AZ34<=840), ('(橫掃)RX Mapping'!AZ34-601),IF(AND('(橫掃)RX Mapping'!AZ34>=841,'(橫掃)RX Mapping'!AZ34<=960), (-1)*('(橫掃)RX Mapping'!AZ34-960)+120,9999)))))))) -> 9999 | BA34: =IF(AND('(橫掃)RX Mapping'!BA34>=1,'(橫掃)RX Mapping'!BA34<=120), ('(橫掃)RX Mapping'!BA34-1),IF(AND('(橫掃)RX Mapping'!BA34>=121,'(橫掃)RX Mapping'!BA34<=240), (-1)*('(橫掃)RX Mapping'!BA34-240),IF(AND('(橫掃)RX Mapping'!BA34>=241,'(橫掃)RX Mapping'!BA34<=360), ('(橫掃)RX Mapping'!BA34-241),IF(AND('(橫掃)RX Mapping'!BA34>=361,'(橫掃)RX Mapping'!BA34<=480), (-1)*('(橫掃)RX Mapping'!BA34-480),IF(AND('(橫掃)RX Mapping'!BA34>=481,'(橫掃)RX Mapping'!BA34<=600), ('(橫掃)RX Mapping'!BA34-361),IF(AND('(橫掃)RX Mapping'!BA34>=601,'(橫掃)RX Mapping'!BA34<=720), (-1)*('(橫掃)RX Mapping'!BA34-720)+120,IF(AND('(橫掃)RX Mapping'!BA34>=721,'(橫掃)RX Mapping'!BA34<=840), ('(橫掃)RX Mapping'!BA34-601),IF(AND('(橫掃)RX Mapping'!BA34>=841,'(橫掃)RX Mapping'!BA34<=960), (-1)*('(橫掃)RX Mapping'!BA34-960)+120,9999)))))))) -> 9999 | ... BI34: =IF(AND('(橫掃)RX Mapping'!BI34>=1,'(橫掃)RX Mapping'!BI34<=120), ('(橫掃)RX Mapping'!BI34-1),IF(AND('(橫掃)RX Mapping'!BI34>=121,'(橫掃)RX Mapping'!BI34<=240), (-1)*('(橫掃)RX Mapping'!BI34-240),IF(AND('(橫掃)RX Mapping'!BI34>=241,'(橫掃)RX Mapping'!BI34<=360), ('(橫掃)RX Mapping'!BI34-241),IF(AND('(橫掃)RX Mapping'!BI34>=361,'(橫掃)RX Mapping'!BI34<=480), (-1)*('(橫掃)RX Mapping'!BI34-480),IF(AND('(橫掃)RX Mapping'!BI34>=481,'(橫掃)RX Mapping'!BI34<=600), ('(橫掃)RX Mapping'!BI34-361),IF(AND('(橫掃)RX Mapping'!BI34>=601,'(橫掃)RX Mapping'!BI34<=720), (-1)*('(橫掃)RX Mapping'!BI34-720)+120,IF(AND('(橫掃)RX Mapping'!BI34>=721,'(橫掃)RX Mapping'!BI34<=840), ('(橫掃)RX Mapping'!BI34-601),IF(AND('(橫掃)RX Mapping'!BI34>=841,'(橫掃)RX Mapping'!BI34<=960), (-1)*('(橫掃)RX Mapping'!BI34-960)+120,9999)))))))) -> 9999
A35: 34 | B35: =IF( (AND('(直掃)RX Mapping'!B35>=0,'(直掃)RX Mapping'!B35<=480)), (MOD('(直掃)RX Mapping'!B35,120)-1), IF( (AND('(直掃)RX Mapping'!B35>=480,'(直掃)RX Mapping'!B35<=960)), IF(MOD('(直掃)RX Mapping'!B35,120)=0, 120, 240-MOD('(直掃)RX Mapping'!B35,120)),9999))+IF(AND(MOD('(直掃)RX Mapping'!B35,120)=0, '(直掃)RX Mapping'!B35 <= 480, '(直掃)RX Mapping'!B35 > 0), 120) -> -1 | C35: =IF( (AND('(直掃)RX Mapping'!C35>=0,'(直掃)RX Mapping'!C35<=480)), (MOD('(直掃)RX Mapping'!C35,120)-1), IF( (AND('(直掃)RX Mapping'!C35>=480,'(直掃)RX Mapping'!C35<=960)), IF(MOD('(直掃)RX Mapping'!C35,120)=0, 120, 240-MOD('(直掃)RX Mapping'!C35,120)),9999))+IF(AND(MOD('(直掃)RX Mapping'!C35,120)=0, '(直掃)RX Mapping'!C35 <= 480, '(直掃)RX Mapping'!C35 > 0), 120) -> -1 | D35: =IF( (AND('(直掃)RX Mapping'!D35>=0,'(直掃)RX Mapping'!D35<=480)), (MOD('(直掃)RX Mapping'!D35,120)-1), IF( (AND('(直掃)RX Mapping'!D35>=480,'(直掃)RX Mapping'!D35<=960)), IF(MOD('(直掃)RX Mapping'!D35,120)=0, 120, 240-MOD('(直掃)RX Mapping'!D35,120)),9999))+IF(AND(MOD('(直掃)RX Mapping'!D35,120)=0, '(直掃)RX Mapping'!D35 <= 480, '(直掃)RX Mapping'!D35 > 0), 120) -> -1 | E35: =IF( (AND('(直掃)RX Mapping'!E35>=0,'(直掃)RX Mapping'!E35<=480)), (MOD('(直掃)RX Mapping'!E35,120)-1), IF( (AND('(直掃)RX Mapping'!E35>=480,'(直掃)RX Mapping'!E35<=960)), IF(MOD('(直掃)RX Mapping'!E35,120)=0, 120, 240-MOD('(直掃)RX Mapping'!E35,120)),9999))+IF(AND(MOD('(直掃)RX Mapping'!E35,120)=0, '(直掃)RX Mapping'!E35 <= 480, '(直掃)RX Mapping'!E35 > 0), 120) -> -1 | F35: =IF( (AND('(直掃)RX Mapping'!F35>=0,'(直掃)RX Mapping'!F35<=480)), (MOD('(直掃)RX Mapping'!F35,120)-1), IF( (AND('(直掃)RX Mapping'!F35>=480,'(直掃)RX Mapping'!F35<=960)), IF(MOD('(直掃)RX Mapping'!F35,120)=0, 120, 240-MOD('(直掃)RX Mapping'!F35,120)),9999))+IF(AND(MOD('(直掃)RX Mapping'!F35,120)=0, '(直掃)RX Mapping'!F35 <= 480, '(直掃)RX Mapping'!F35 > 0), 120) -> -1 | G35: =IF( (AND('(直掃)RX Mapping'!G35>=0,'(直掃)RX Mapping'!G35<=480)), (MOD('(直掃)RX Mapping'!G35,120)-1), IF( (AND('(直掃)RX Mapping'!G35>=480,'(直掃)RX Mapping'!G35<=960)), IF(MOD('(直掃)RX Mapping'!G35,120)=0, 120, 240-MOD('(直掃)RX Mapping'!G35,120)),9999))+IF(AND(MOD('(直掃)RX Mapping'!G35,120)=0, '(直掃)RX Mapping'!G35 <= 480, '(直掃)RX Mapping'!G35 > 0), 120) -> -1 | H35: =IF( (AND('(直掃)RX Mapping'!H35>=0,'(直掃)RX Mapping'!H35<=480)), (MOD('(直掃)RX Mapping'!H35,120)-1), IF( (AND('(直掃)RX Mapping'!H35>=480,'(直掃)RX Mapping'!H35<=960)), IF(MOD('(直掃)RX Mapping'!H35,120)=0, 120, 240-MOD('(直掃)RX Mapping'!H35,120)),9999))+IF(AND(MOD('(直掃)RX Mapping'!H35,120)=0, '(直掃)RX Mapping'!H35 <= 480, '(直掃)RX Mapping'!H35 > 0), 120) -> -1 | I35: =IF( (AND('(直掃)RX Mapping'!I35>=0,'(直掃)RX Mapping'!I35<=480)), (MOD('(直掃)RX Mapping'!I35,120)-1), IF( (AND('(直掃)RX Mapping'!I35>=480,'(直掃)RX Mapping'!I35<=960)), IF(MOD('(直掃)RX Mapping'!I35,120)=0, 120, 240-MOD('(直掃)RX Mapping'!I35,120)),9999))+IF(AND(MOD('(直掃)RX Mapping'!I35,120)=0, '(直掃)RX Mapping'!I35 <= 480, '(直掃)RX Mapping'!I35 > 0), 120) -> -1 | ... AS35: =IF( (AND('(直掃)RX Mapping'!AS35>=0,'(直掃)RX Mapping'!AS35<=480)), (MOD('(直掃)RX Mapping'!AS35,120)-1), IF( (AND('(直掃)RX Mapping'!AS35>=480,'(直掃)RX Mapping'!AS35<=960)), IF(MOD('(直掃)RX Mapping'!AS35,120)=0, 120, 240-MOD('(直掃)RX Mapping'!AS35,120)),9999))+IF(AND(MOD('(直掃)RX Mapping'!AS35,120)=0, '(直掃)RX Mapping'!AS35 <= 480, '(直掃)RX Mapping'!AS35 > 0), 120) -> -1 | AT35: =IF(AND('(橫掃)RX Mapping'!AT35>=1,'(橫掃)RX Mapping'!AT35<=120), ('(橫掃)RX Mapping'!AT35-1),IF(AND('(橫掃)RX Mapping'!AT35>=121,'(橫掃)RX Mapping'!AT35<=240), (-1)*('(橫掃)RX Mapping'!AT35-240),IF(AND('(橫掃)RX Mapping'!AT35>=241,'(橫掃)RX Mapping'!AT35<=360), ('(橫掃)RX Mapping'!AT35-241),IF(AND('(橫掃)RX Mapping'!AT35>=361,'(橫掃)RX Mapping'!AT35<=480), (-1)*('(橫掃)RX Mapping'!AT35-480),IF(AND('(橫掃)RX Mapping'!AT35>=481,'(橫掃)RX Mapping'!AT35<=600), ('(橫掃)RX Mapping'!AT35-361),IF(AND('(橫掃)RX Mapping'!AT35>=601,'(橫掃)RX Mapping'!AT35<=720), (-1)*('(橫掃)RX Mapping'!AT35-720)+120,IF(AND('(橫掃)RX Mapping'!AT35>=721,'(橫掃)RX Mapping'!AT35<=840), ('(橫掃)RX Mapping'!AT35-601),IF(AND('(橫掃)RX Mapping'!AT35>=841,'(橫掃)RX Mapping'!AT35<=960), (-1)*('(橫掃)RX Mapping'!AT35-960)+120,9999)))))))) -> 9999 | AU35: =IF(AND('(橫掃)RX Mapping'!AU35>=1,'(橫掃)RX Mapping'!AU35<=120), ('(橫掃)RX Mapping'!AU35-1),IF(AND('(橫掃)RX Mapping'!AU35>=121,'(橫掃)RX Mapping'!AU35<=240), (-1)*('(橫掃)RX Mapping'!AU35-240),IF(AND('(橫掃)RX Mapping'!AU35>=241,'(橫掃)RX Mapping'!AU35<=360), ('(橫掃)RX Mapping'!AU35-241),IF(AND('(橫掃)RX Mapping'!AU35>=361,'(橫掃)RX Mapping'!AU35<=480), (-1)*('(橫掃)RX Mapping'!AU35-480),IF(AND('(橫掃)RX Mapping'!AU35>=481,'(橫掃)RX Mapping'!AU35<=600), ('(橫掃)RX Mapping'!AU35-361),IF(AND('(橫掃)RX Mapping'!AU35>=601,'(橫掃)RX Mapping'!AU35<=720), (-1)*('(橫掃)RX Mapping'!AU35-720)+120,IF(AND('(橫掃)RX Mapping'!AU35>=721,'(橫掃)RX Mapping'!AU35<=840), ('(橫掃)RX Mapping'!AU35-601),IF(AND('(橫掃)RX Mapping'!AU35>=841,'(橫掃)RX Mapping'!AU35<=960), (-1)*('(橫掃)RX Mapping'!AU35-960)+120,9999)))))))) -> 9999 | AV35: =IF(AND('(橫掃)RX Mapping'!AV35>=1,'(橫掃)RX Mapping'!AV35<=120), ('(橫掃)RX Mapping'!AV35-1),IF(AND('(橫掃)RX Mapping'!AV35>=121,'(橫掃)RX Mapping'!AV35<=240), (-1)*('(橫掃)RX Mapping'!AV35-240),IF(AND('(橫掃)RX Mapping'!AV35>=241,'(橫掃)RX Mapping'!AV35<=360), ('(橫掃)RX Mapping'!AV35-241),IF(AND('(橫掃)RX Mapping'!AV35>=361,'(橫掃)RX Mapping'!AV35<=480), (-1)*('(橫掃)RX Mapping'!AV35-480),IF(AND('(橫掃)RX Mapping'!AV35>=481,'(橫掃)RX Mapping'!AV35<=600), ('(橫掃)RX Mapping'!AV35-361),IF(AND('(橫掃)RX Mapping'!AV35>=601,'(橫掃)RX Mapping'!AV35<=720), (-1)*('(橫掃)RX Mapping'!AV35-720)+120,IF(AND('(橫掃)RX Mapping'!AV35>=721,'(橫掃)RX Mapping'!AV35<=840), ('(橫掃)RX Mapping'!AV35-601),IF(AND('(橫掃)RX Mapping'!AV35>=841,'(橫掃)RX Mapping'!AV35<=960), (-1)*('(橫掃)RX Mapping'!AV35-960)+120,9999)))))))) -> 9999 | AW35: =IF(AND('(橫掃)RX Mapping'!AW35>=1,'(橫掃)RX Mapping'!AW35<=120), ('(橫掃)RX Mapping'!AW35-1),IF(AND('(橫掃)RX Mapping'!AW35>=121,'(橫掃)RX Mapping'!AW35<=240), (-1)*('(橫掃)RX Mapping'!AW35-240),IF(AND('(橫掃)RX Mapping'!AW35>=241,'(橫掃)RX Mapping'!AW35<=360), ('(橫掃)RX Mapping'!AW35-241),IF(AND('(橫掃)RX Mapping'!AW35>=361,'(橫掃)RX Mapping'!AW35<=480), (-1)*('(橫掃)RX Mapping'!AW35-480),IF(AND('(橫掃)RX Mapping'!AW35>=481,'(橫掃)RX Mapping'!AW35<=600), ('(橫掃)RX Mapping'!AW35-361),IF(AND('(橫掃)RX Mapping'!AW35>=601,'(橫掃)RX Mapping'!AW35<=720), (-1)*('(橫掃)RX Mapping'!AW35-720)+120,IF(AND('(橫掃)RX Mapping'!AW35>=721,'(橫掃)RX Mapping'!AW35<=840), ('(橫掃)RX Mapping'!AW35-601),IF(AND('(橫掃)RX Mapping'!AW35>=841,'(橫掃)RX Mapping'!AW35<=960), (-1)*('(橫掃)RX Mapping'!AW35-960)+120,9999)))))))) -> 9999 | AX35: =IF(AND('(橫掃)RX Mapping'!AX35>=1,'(橫掃)RX Mapping'!AX35<=120), ('(橫掃)RX Mapping'!AX35-1),IF(AND('(橫掃)RX Mapping'!AX35>=121,'(橫掃)RX Mapping'!AX35<=240), (-1)*('(橫掃)RX Mapping'!AX35-240),IF(AND('(橫掃)RX Mapping'!AX35>=241,'(橫掃)RX Mapping'!AX35<=360), ('(橫掃)RX Mapping'!AX35-241),IF(AND('(橫掃)RX Mapping'!AX35>=361,'(橫掃)RX Mapping'!AX35<=480), (-1)*('(橫掃)RX Mapping'!AX35-480),IF(AND('(橫掃)RX Mapping'!AX35>=481,'(橫掃)RX Mapping'!AX35<=600), ('(橫掃)RX Mapping'!AX35-361),IF(AND('(橫掃)RX Mapping'!AX35>=601,'(橫掃)RX Mapping'!AX35<=720), (-1)*('(橫掃)RX Mapping'!AX35-720)+120,IF(AND('(橫掃)RX Mapping'!AX35>=721,'(橫掃)RX Mapping'!AX35<=840), ('(橫掃)RX Mapping'!AX35-601),IF(AND('(橫掃)RX Mapping'!AX35>=841,'(橫掃)RX Mapping'!AX35<=960), (-1)*('(橫掃)RX Mapping'!AX35-960)+120,9999)))))))) -> 9999 | AY35: =IF(AND('(橫掃)RX Mapping'!AY35>=1,'(橫掃)RX Mapping'!AY35<=120), ('(橫掃)RX Mapping'!AY35-1),IF(AND('(橫掃)RX Mapping'!AY35>=121,'(橫掃)RX Mapping'!AY35<=240), (-1)*('(橫掃)RX Mapping'!AY35-240),IF(AND('(橫掃)RX Mapping'!AY35>=241,'(橫掃)RX Mapping'!AY35<=360), ('(橫掃)RX Mapping'!AY35-241),IF(AND('(橫掃)RX Mapping'!AY35>=361,'(橫掃)RX Mapping'!AY35<=480), (-1)*('(橫掃)RX Mapping'!AY35-480),IF(AND('(橫掃)RX Mapping'!AY35>=481,'(橫掃)RX Mapping'!AY35<=600), ('(橫掃)RX Mapping'!AY35-361),IF(AND('(橫掃)RX Mapping'!AY35>=601,'(橫掃)RX Mapping'!AY35<=720), (-1)*('(橫掃)RX Mapping'!AY35-720)+120,IF(AND('(橫掃)RX Mapping'!AY35>=721,'(橫掃)RX Mapping'!AY35<=840), ('(橫掃)RX Mapping'!AY35-601),IF(AND('(橫掃)RX Mapping'!AY35>=841,'(橫掃)RX Mapping'!AY35<=960), (-1)*('(橫掃)RX Mapping'!AY35-960)+120,9999)))))))) -> 9999 | AZ35: =IF(AND('(橫掃)RX Mapping'!AZ35>=1,'(橫掃)RX Mapping'!AZ35<=120), ('(橫掃)RX Mapping'!AZ35-1),IF(AND('(橫掃)RX Mapping'!AZ35>=121,'(橫掃)RX Mapping'!AZ35<=240), (-1)*('(橫掃)RX Mapping'!AZ35-240),IF(AND('(橫掃)RX Mapping'!AZ35>=241,'(橫掃)RX Mapping'!AZ35<=360), ('(橫掃)RX Mapping'!AZ35-241),IF(AND('(橫掃)RX Mapping'!AZ35>=361,'(橫掃)RX Mapping'!AZ35<=480), (-1)*('(橫掃)RX Mapping'!AZ35-480),IF(AND('(橫掃)RX Mapping'!AZ35>=481,'(橫掃)RX Mapping'!AZ35<=600), ('(橫掃)RX Mapping'!AZ35-361),IF(AND('(橫掃)RX Mapping'!AZ35>=601,'(橫掃)RX Mapping'!AZ35<=720), (-1)*('(橫掃)RX Mapping'!AZ35-720)+120,IF(AND('(橫掃)RX Mapping'!AZ35>=721,'(橫掃)RX Mapping'!AZ35<=840), ('(橫掃)RX Mapping'!AZ35-601),IF(AND('(橫掃)RX Mapping'!AZ35>=841,'(橫掃)RX Mapping'!AZ35<=960), (-1)*('(橫掃)RX Mapping'!AZ35-960)+120,9999)))))))) -> 9999 | BA35: =IF(AND('(橫掃)RX Mapping'!BA35>=1,'(橫掃)RX Mapping'!BA35<=120), ('(橫掃)RX Mapping'!BA35-1),IF(AND('(橫掃)RX Mapping'!BA35>=121,'(橫掃)RX Mapping'!BA35<=240), (-1)*('(橫掃)RX Mapping'!BA35-240),IF(AND('(橫掃)RX Mapping'!BA35>=241,'(橫掃)RX Mapping'!BA35<=360), ('(橫掃)RX Mapping'!BA35-241),IF(AND('(橫掃)RX Mapping'!BA35>=361,'(橫掃)RX Mapping'!BA35<=480), (-1)*('(橫掃)RX Mapping'!BA35-480),IF(AND('(橫掃)RX Mapping'!BA35>=481,'(橫掃)RX Mapping'!BA35<=600), ('(橫掃)RX Mapping'!BA35-361),IF(AND('(橫掃)RX Mapping'!BA35>=601,'(橫掃)RX Mapping'!BA35<=720), (-1)*('(橫掃)RX Mapping'!BA35-720)+120,IF(AND('(橫掃)RX Mapping'!BA35>=721,'(橫掃)RX Mapping'!BA35<=840), ('(橫掃)RX Mapping'!BA35-601),IF(AND('(橫掃)RX Mapping'!BA35>=841,'(橫掃)RX Mapping'!BA35<=960), (-1)*('(橫掃)RX Mapping'!BA35-960)+120,9999)))))))) -> 9999 | ... BI35: =IF(AND('(橫掃)RX Mapping'!BI35>=1,'(橫掃)RX Mapping'!BI35<=120), ('(橫掃)RX Mapping'!BI35-1),IF(AND('(橫掃)RX Mapping'!BI35>=121,'(橫掃)RX Mapping'!BI35<=240), (-1)*('(橫掃)RX Mapping'!BI35-240),IF(AND('(橫掃)RX Mapping'!BI35>=241,'(橫掃)RX Mapping'!BI35<=360), ('(橫掃)RX Mapping'!BI35-241),IF(AND('(橫掃)RX Mapping'!BI35>=361,'(橫掃)RX Mapping'!BI35<=480), (-1)*('(橫掃)RX Mapping'!BI35-480),IF(AND('(橫掃)RX Mapping'!BI35>=481,'(橫掃)RX Mapping'!BI35<=600), ('(橫掃)RX Mapping'!BI35-361),IF(AND('(橫掃)RX Mapping'!BI35>=601,'(橫掃)RX Mapping'!BI35<=720), (-1)*('(橫掃)RX Mapping'!BI35-720)+120,IF(AND('(橫掃)RX Mapping'!BI35>=721,'(橫掃)RX Mapping'!BI35<=840), ('(橫掃)RX Mapping'!BI35-601),IF(AND('(橫掃)RX Mapping'!BI35>=841,'(橫掃)RX Mapping'!BI35<=960), (-1)*('(橫掃)RX Mapping'!BI35-960)+120,9999)))))))) -> 9999
